[
	{
		ingredientPattern: "LNL,P_P,SMH",
		ingredients: {
			"S": { type: "item", code: "game:saw-*", isTool: true  },
			"H": { type: "item", code: "game:hammer-*", isTool: true  },
			"P": { type: "item", code: "game:plank-*", name: "wood" },
			"M": { type: "item", code: "game:metalplate-steel", name: "steel" },
			"L": { type: "item", code: "game:leather-sturdy-*", name: "leather", quantity:2},
			"N": { type: "item", code: "game:metalnailsandstrips-steel", name: "nail", quantity:3},
		},
		name: "tyrannosaddle",
		width: 3,
		height: 3,
		output: { type: "item", code: "abelisauridae:abeliwearable-saddle", "quantity": 1 }
	},
	{
		ingredientPattern: "_NL,S_H,MMM",
		ingredients: {
			"S": { type: "item", code: "game:saw-*", isTool: true  },
			"H": { type: "item", code: "game:hammer-*", isTool: true  },
			"P": { type: "item", code: "game:plank-*", name: "wood" },
			"M": { type: "item", code: "game:metalplate-steel", name: "steel" },
			"L": { type: "item", code: "game:leather-sturdy-*", name: "leather", quantity:2},
			"N": { type: "item", code: "game:metalnailsandstrips-steel", name: "nail", quantity:1},
		},
		name: "tyrannobridle",
		width: 3,
		height: 3,
		output: { type: "item", code: "abelisauridae:abeliwearable-bridle1", "quantity": 1 }
	},
	{
		ingredientPattern: "LN_,S_H,MMM",
		ingredients: {
			"S": { type: "item", code: "game:saw-*", isTool: true  },
			"H": { type: "item", code: "game:hammer-*", isTool: true  },
			"P": { type: "item", code: "game:plank-*", name: "wood" },
			"M": { type: "item", code: "game:metalplate-steel", name: "steel" },
			"L": { type: "item", code: "game:leather-sturdy-*", name: "leather", quantity:2},
			"N": { type: "item", code: "game:metalnailsandstrips-steel", name: "nail", quantity:2},
		},
		name: "tyrannobridle",
		width: 3,
		height: 3,
		output: { type: "item", code: "abelisauridae:abeliwearable-bridle2", "quantity": 1 }
	},
]
