{
    "code": "abelisauridae",
    "class": "EntityAgent",
	"variantgroups": [
        {"code": "type","states": ["pycnonemosaurus", "ekrixinatosaurus", "carnotaurus", "chenanisaurus", "rajasaurus", "skorpiovenator", "majungasaurus", "abelisaurus", "xenotarsosaurus", "aucasaurus","rahiolisaurus", "arcovenator","rugops","dahalokely", "ilokelesia", "viavenator", "tarascosaurus", "thanos"]},
        {"code": "age","states": [ "adult","baby"]},
        {"code": "gender","states": ["male","female"]},
    ],
    "fallDamageMultiplierByType": {
		"*-baby-*" :1,
		"*-pycnonemosaurus-adult-*":5.0,
		"*-ekrixinatosaurus-adult-*":4.7,
		"*-carnotaurus-adult-*":5.0,
		"*-chenanisaurus-adult-*":4.45,
		"*-rajasaurus-adult-*":4.15,
		"*-abelisaurus-adult-*":3.9,
		"*-majungasaurus-adult-*":3.9,
		"*-skorpiovenator-adult-*":3.6,
		"*-xenotarsosaurus-adult-*":3.6,
		"*-rahiolisaurus-adult-*":3.5,
		"*-arcovenator-adult-*":3.35,
		"*-rugops-adult-*":3.35,
		"*-aucasaurus-adult-*":3.25,
		"*-dahalokely-adult-*":3.25,
		"*-ilokelesia-adult-*":3.0,
		"*-viavenator-adult-*":2.95,
		"*-tarascosaurus-adult-*":2.5,
		"*-thanos-adult-*":2.25,
		},
    "hitBoxSizeByType": {
		"*-pycnonemosaurus-adult-*": {"x": 2.5,"y": 3.3}, "*-pycnonemosaurus-baby-*": {"x": 1,"y": 1},
		"*-ekrixinatosaurus-adult-*": {"x": 2.5,"y": 3.1}, "*-ekrixinatosaurus-baby-*": {"x": 1,"y": 1},
		"*-carnotaurus-adult-*": {"x": 2.5,"y": 3.3}, "*-carnotaurus-baby-*": {"x": 1,"y": 1},
		"*-chenanisaurus-adult-*": {"x": 2.5,"y": 3.0}, "*-chenanisaurus-baby-*": {"x": 1,"y": 1},
		"*-rajasaurus-adult-*": {"x": 2.5,"y": 2.8}, "*-rajasaurus-baby-*": {"x": 1,"y": 1},
		"*-abelisaurus-adult-*": {"x": 2.4,"y": 2.6}, "*-abelisaurus-baby-*": {"x": 1,"y": 1},
		"*-majungasaurus-adult-*": {"x": 2.4,"y": 2.6}, "*-majungasaurus-baby-*": {"x": 1,"y": 1},
		"*-skorpiovenator-adult-*": {"x": 2.2,"y": 2.4}, "*-skorpiovenator-baby-*": {"x": 1,"y": 1},
		"*-xenotarsosaurus-adult-*": {"x": 2.2,"y": 2.4}, "*-xenotarsosaurus-baby-*": {"x": 1,"y": 1},
		"*-rahiolisaurus-adult-*": {"x": 2.2,"y": 2.4}, "*-rahiolisaurus-baby-*": {"x": 1,"y": 1},
		"*-arcovenator-adult-*": {"x": 2.1,"y": 2.3}, "*-arcovenator-baby-*": {"x": 1,"y": 1},
		"*-rugops-adult-*": {"x": 2.1,"y": 2.3}, "*-rugops-baby-*": {"x": 1,"y": 1},
		"*-aucasaurus-adult-*": {"x": 2.0,"y": 2.2}, "*-aucasaurus-baby-*": {"x": 1,"y": 1},
		"*-dahalokely-adult-*": {"x": 2.0,"y": 2.2}, "*-dahalokely-baby-*": {"x": 1,"y": 1},
		"*-ilokelesia-adult-*": {"x": 1.9,"y": 2.1}, "*-ilokelesia-baby-*": {"x": 1,"y": 1},
		"*-viavenator-adult-*": {"x": 1.9,"y": 2.0}, "*-viavenator-baby-*": {"x": 1,"y": 1},
		"*-tarascosaurus-adult-*": {"x": 1.6,"y": 1.8}, "*-tarascosaurus-baby-*": {"x": 1,"y": 1},
		"*-thanos-adult-*": {"x": 1.5,"y": 1.6}, "*-thanos-baby-*": {"x": 1,"y": 1},
		},

    "deadhitBoxSizeByType": {"*-adult-*":{	"x": 1.5,"y": 1.5},"*-baby-*":{	"x": 1,"y": 1}},
    "eyeHeightByType": {"*":3},
    "weightByType": {"*-adult-*":4000,"*-baby-*":10},
    "knockbackResistanceByType": {"*-adult-*": 3,"*-baby-*": 1	},

    "drops": [],
    "attributes": {
		"tamedByType": {"*": false },
		"killedByInfoText": "deadcreature-killed",
		"handbook": {"groupcode": "creaturegroup-abelisauridae"},
		"minGenerationToAllowHealing": 0,
		"creatureDiet": {
			"foodCategories": ["Protein"],
			"foodTags": ["meat","fish","fishfillet","jerky","fisheggs","crabmeat","psfish","cod","shreddedchicken"]
		},
	},
	"behaviorConfigs": {
		"rideableaccessories": {
			"wearableSlots": [
				{"code": "head", "forCategoryCodes": ["abelibridle"], "attachmentPointCode": "HeadAP" },
				{"code": "face", "forCategoryCodes": [], "attachmentPointCode": "FaceAP" },
				{"code": "neck", "forCategoryCodes": [], "attachmentPointCode": "NeckAP" },
				{"code": "middleback", "forCategoryCodes": ["abelisaddle"], "attachmentPointCode": "MidAP","stepParentTo": {"": { "elementName": "Torso" }} },
			]
		},
		"selectionboxes": {
			"selectionBoxes": ["HeadAP","FaceAP", "NeckAP", "MidAP"]
		},
		"rideable": {
			"interactMountAnySeat": true,
			"seats": [
				{ "apName": "Rider", "selectionBox": "NeckAP", "bodyYawLimit": 0.2, "controllable": true,
					"mountOffsetByType": {
						"*": {"x":0,"y":0.0,"z":0},
					}
				},
			],
			"controls": {
				"idle": {
					"weight": 1,
					"riderAnim": {
						"animation": "rideelk-idle",
						"animationSpeed": 0.00000001,
						"weight": 1,
						"withFpVariant": true,
						"blendMode": "Average",
						"elementWeight": {
							"LowerTorso": 80,
							"UpperTorso": 80,
							"UpperFootR": 80,
							"UpperFootL": 80,
							"LowerFootR": 80,
							"LowerFootL": 80
						},
						"elementBlendMode": {
							"LowerTorso": "Average",
							"UpperTorso": "Average",
							"UpperFootR": "Average",
							"UpperFootL": "Average",
							"LowerFootR": "Average",
							"LowerFootL": "Average"
						}
					}
				},
				"swim": {
					"animation": "Swim",
					"animationSpeed": 1,
					"movespeed": 0.01,
					"weight": 10,
					"blendMode": "Average",
					"riderAnim": {
						"animation": "rideelk-walk",
						"animationSpeed": 1,
						"weight": 1,
						"withFpVariant": true,
						"blendMode": "Average",
						"elementWeight": {
							"LowerTorso": 80,
							"UpperTorso": 80,
							"UpperFootR": 80,
							"UpperFootL": 80,
							"LowerFootR": 80,
							"LowerFootL": 80
						},
						"elementBlendMode": {
							"LowerTorso": "Average",
							"UpperTorso": "Average",
							"UpperFootR": "Average",
							"UpperFootL": "Average",
							"LowerFootR": "Average",
							"LowerFootL": "Average"
						}
					}
				},
				"walk": {
					"animation": "Walk",
					"weight": 10,
						"movespeedByType": {
							"*-baby-*":0.008,
							"*-adult-*":0.02,
						},
						"animationSpeedByType": {
							"*-adult-*":1.5,
							"*-baby-*":2.25}
						,
					"blendMode": "Average",
					"riderAnim": {
						"animation": "rideelk-walk",
						"animationSpeed": 1,
						"weight": 1,
						"withFpVariant": true,
						"blendMode": "Average",
						"elementWeight": {
							"LowerTorso": 80,
							"UpperTorso": 80,
							"UpperFootR": 80,
							"UpperFootL": 80,
							"LowerFootR": 80,
							"LowerFootL": 80
						},
						"elementBlendMode": {
							"LowerTorso": "Average",
							"UpperTorso": "Average",
							"UpperFootR": "Average",
							"UpperFootL": "Average",
							"LowerFootR": "Average",
							"LowerFootL": "Average"
						}
					}
				},
				"walkback": {
					"animation": "Walk",
					"weight": 10,
						"movespeedByType": {
							"*-baby-*":0.008,
							"*-adult-*":0.02,
						},
						"animationSpeedByType": {
							"*-adult-*":1.5,
							"*-baby-*":2.25}
						,
					"easeInSpeed": 1,
					"easeOutSpeed": 3,
					"blendMode": "Average",
					"riderAnim": {
						"animation": "rideelk-walk",
						"animationSpeed": 1,
						"weight": 1,
						"withFpVariant": true,
						"blendMode": "Average",
						"elementWeight": {
							"LowerTorso": 80,
							"UpperTorso": 80,
							"UpperFootR": 80,
							"UpperFootL": 80,
							"LowerFootR": 80,
							"LowerFootL": 80
						},
						"elementBlendMode": {
							"LowerTorso": "Average",
							"UpperTorso": "Average",
							"UpperFootR": "Average",
							"UpperFootL": "Average",
							"LowerFootR": "Average",
							"LowerFootL": "Average"
						}
					}
				},
				"sprint": {
					"animation": "Run",
					"weight": 10,
						"movespeedByType": {
							"*-pycnonemosaurus-adult-*":0.07,
							"*-ekrixinatosaurus-adult-*":0.0714,
							"*-carnotaurus-adult-*":0.07,
							"*-chenanisaurus-adult-*":0.0726,
							"*-rajasaurus-adult-*":0.074,
							"*-abelisaurus-adult-*":0.0751,
							"*-majungasaurus-adult-*":0.0751,
							"*-skorpiovenator-adult-*":0.0765,
							"*-xenotarsosaurus-adult-*":0.0765,
							"*-rahiolisaurus-adult-*":0.077,
							"*-arcovenator-adult-*":0.0777,
							"*-rugops-adult-*":0.0777,
							"*-aucasaurus-adult-*":0.0782,
							"*-dahalokely-adult-*":0.0782,
							"*-ilokelesia-adult-*":0.0793,
							"*-viavenator-adult-*":0.0796,
							"*-tarascosaurus-adult-*":0.0817,
							"*-thanos-adult-*":0.0828,
						},
						"animationSpeedByType": {
							"*-adult-*":1.7,
						},
					"blendMode": "Average",
					"riderAnim": {
						"animation": "rideelk-run",
						"animationSpeed": 2,
						"weight": 1,
						"withFpVariant": true,
						"blendMode": "Average",
						"elementWeight": {
							"LowerTorso": 80,
							"UpperTorso": 80,
							"UpperFootR": 80,
							"UpperFootL": 80,
							"LowerFootR": 80,
							"LowerFootL": 80
						},
						"elementBlendMode": {
							"LowerTorso": "Average",
							"UpperTorso": "Average",
							"UpperFootR": "Average",
							"UpperFootL": "Average",
							"LowerFootR": "Average",
							"LowerFootL": "Average"
						}
					}
				},
				"jump": {
					"animation": "Walk",
					"weight": 50,
					"easeOutSpeed": 40,
					"blendMode": "Average",
					"animationSpeed": 1,
					"movespeed": 0.08,
					"riderAnim": {
						"animation": "rideelk-jump",
						"animationSpeed": 1,
						"weight": 10,
						"withFpVariant": true,
						"blendMode": "Average",
						"elementWeight": {
							"LowerTorso": 160,
							"UpperTorso": 160,
							"UpperFootR": 160,
							"UpperFootL": 160,
							"LowerFootR": 160,
							"LowerFootL": 160
						},
						"elementBlendMode": {
							"LowerTorso": "Average",
							"UpperTorso": "Average",
							"UpperFootR": "Average",
							"UpperFootL": "Average",
							"LowerFootR": "Average",
							"LowerFootL": "Average"
						}
					}
				}
			}
		},
		"ownable": {
			"groupCode": "mountableanimal"
		}
	},

    "client": {
        "renderer": "Shape",
        "shapeByType": {
			"*-pycnonemosaurus-adult-*": {"base": "entity/land/abelisauridae/pycnonemosaurus/adult"}, "*-pycnonemosaurus-baby-*": {"base": "entity/land/abelisauridae/pycnonemosaurus/baby"},
			"*-ekrixinatosaurus-adult-*": {"base": "entity/land/abelisauridae/ekrixinatosaurus/adult"}, "*-ekrixinatosaurus-baby-*": {"base": "entity/land/abelisauridae/ekrixinatosaurus/baby"},
			"*-carnotaurus-adult-*": {"base": "entity/land/abelisauridae/carnotaurus/adult"}, "*-carnotaurus-baby-*": {"base": "entity/land/abelisauridae/carnotaurus/baby"},
			"*-chenanisaurus-adult-*": {"base": "entity/land/abelisauridae/chenanisaurus/adult"}, "*-chenanisaurus-baby-*": {"base": "entity/land/abelisauridae/chenanisaurus/baby"},
			"*-rajasaurus-adult-*": {"base": "entity/land/abelisauridae/rajasaurus/adult"}, "*-rajasaurus-baby-*": {"base": "entity/land/abelisauridae/rajasaurus/baby"},
			"*-abelisaurus-adult-*": {"base": "entity/land/abelisauridae/abelisaurus/adult"}, "*-abelisaurus-baby-*": {"base": "entity/land/abelisauridae/abelisaurus/baby"},
			"*-majungasaurus-adult-*": {"base": "entity/land/abelisauridae/majungasaurus/adult"}, "*-majungasaurus-baby-*": {"base": "entity/land/abelisauridae/majungasaurus/baby"},
			"*-skorpiovenator-adult-*": {"base": "entity/land/abelisauridae/skorpiovenator/adult"}, "*-skorpiovenator-baby-*": {"base": "entity/land/abelisauridae/skorpiovenator/baby"},
			"*-xenotarsosaurus-adult-*": {"base": "entity/land/abelisauridae/xenotarsosaurus/adult"}, "*-xenotarsosaurus-baby-*": {"base": "entity/land/abelisauridae/xenotarsosaurus/baby"},
			"*-rahiolisaurus-adult-*": {"base": "entity/land/abelisauridae/rahiolisaurus/adult"}, "*-rahiolisaurus-baby-*": {"base": "entity/land/abelisauridae/rahiolisaurus/baby"},
			"*-arcovenator-adult-*": {"base": "entity/land/abelisauridae/arcovenator/adult"}, "*-arcovenator-baby-*": {"base": "entity/land/abelisauridae/arcovenator/baby"},
			"*-rugops-adult-*": {"base": "entity/land/abelisauridae/rugops/adult"}, "*-rugops-baby-*": {"base": "entity/land/abelisauridae/rugops/baby"},
			"*-aucasaurus-adult-*": {"base": "entity/land/abelisauridae/aucasaurus/adult"}, "*-aucasaurus-baby-*": {"base": "entity/land/abelisauridae/aucasaurus/baby"},
			"*-dahalokely-adult-*": {"base": "entity/land/abelisauridae/dahalokely/adult"}, "*-dahalokely-baby-*": {"base": "entity/land/abelisauridae/dahalokely/baby"},
			"*-ilokelesia-adult-*": {"base": "entity/land/abelisauridae/ilokelesia/adult"}, "*-ilokelesia-baby-*": {"base": "entity/land/abelisauridae/ilokelesia/baby"},
			"*-viavenator-adult-*": {"base": "entity/land/abelisauridae/viavenator/adult"}, "*-viavenator-baby-*": {"base": "entity/land/abelisauridae/viavenator/baby"},
			"*-tarascosaurus-adult-*": {"base": "entity/land/abelisauridae/tarascosaurus/adult"}, "*-tarascosaurus-baby-*": {"base": "entity/land/abelisauridae/tarascosaurus/baby"},
			"*-thanos-adult-*": {"base": "entity/land/abelisauridae/thanos/adult"}, "*-thanos-baby-*": {"base": "entity/land/abelisauridae/thanos/baby"},
		},
         "textureByType": {
            "*-pycnonemosaurus-adult-*":{"base": "entity/pycnonemosaurus-adult"},"*-pycnonemosaurus-baby-*":{"base": "entity/pycnonemosaurus-adult"},
			"*-ekrixinatosaurus-adult-*":{"base": "entity/ekrixinatosaurus-adult"},"*-ekrixinatosaurus-baby-*":{"base": "entity/ekrixinatosaurus-adult"},
			"*-carnotaurus-adult-*":{"base": "entity/carnotaurus-adult"},"*-carnotaurus-baby-*":{"base": "entity/carnotaurus-adult"},
			"*-chenanisaurus-adult-*":{"base": "entity/chenanisaurus-adult"},"*-chenanisaurus-baby-*":{"base": "entity/chenanisaurus-adult"},
			"*-rajasaurus-adult-*":{"base": "entity/rajasaurus-adult"},"*-rajasaurus-baby-*":{"base": "entity/rajasaurus-adult"},
			"*-abelisaurus-adult-*":{"base": "entity/abelisaurus-adult"},"*-abelisaurus-baby-*":{"base": "entity/abelisaurus-adult"},
			"*-majungasaurus-adult-*":{"base": "entity/majungasaurus-adult"},"*-majungasaurus-baby-*":{"base": "entity/majungasaurus-adult"},
			"*-skorpiovenator-adult-*":{"base": "entity/skorpiovenator-adult"},"*-skorpiovenator-baby-*":{"base": "entity/skorpiovenator-adult"},
			"*-xenotarsosaurus-adult-*":{"base": "entity/xenotarsosaurus-adult"},"*-xenotarsosaurus-baby-*":{"base": "entity/xenotarsosaurus-adult"},
			"*-rahiolisaurus-adult-*":{"base": "entity/rahiolisaurus-adult"},"*-rahiolisaurus-baby-*":{"base": "entity/rahiolisaurus-adult"},
			"*-arcovenator-adult-*":{"base": "entity/arcovenator-adult"},"*-arcovenator-baby-*":{"base": "entity/arcovenator-adult"},
			"*-rugops-adult-*":{"base": "entity/rugops-adult"},"*-rugops-baby-*":{"base": "entity/rugops-adult"},
			"*-aucasaurus-adult-*":{"base": "entity/aucasaurus-adult"},"*-aucasaurus-baby-*":{"base": "entity/aucasaurus-adult"},
			"*-dahalokely-adult-*":{"base": "entity/dahalokely-adult"},"*-dahalokely-baby-*":{"base": "entity/dahalokely-adult"},
			"*-ilokelesia-adult-*":{"base": "entity/ilokelesia-adult"},"*-ilokelesia-baby-*":{"base": "entity/ilokelesia-adult"},
			"*-viavenator-adult-*":{"base": "entity/viavenator-adult"},"*-viavenator-baby-*":{"base": "entity/viavenator-adult"},
			"*-tarascosaurus-adult-*":{"base": "entity/tarascosaurus-adult"},"*-tarascosaurus-baby-*":{"base": "entity/tarascosaurus-adult"},
			"*-thanos-adult-*":{"base": "entity/thanos-adult"},"*-thanos-baby-*":{"base": "entity/thanos-adult"},
        },
        "sizeByType": {
			"*-pycnonemosaurus-adult-male": 1.0,"*-pycnonemosaurus-adult-female": 0.9,"*-pycnonemosaurus-baby-*": 1.0,
			"*-ekrixinatosaurus-adult-male": 0.94,"*-ekrixinatosaurus-adult-female": 0.8,"*-ekrixinatosaurus-baby-*": 0.94,
			"*-carnotaurus-adult-male": 1.0,"*-carnotaurus-adult-female": 0.9,"*-carnotaurus-baby-*": 1.0,
			"*-chenanisaurus-adult-male": 0.89,"*-chenanisaurus-adult-female": 0.8,"*-chenanisaurus-baby-*": 0.89,
			"*-rajasaurus-adult-male": 0.83,"*-rajasaurus-adult-female": 0.7,"*-rajasaurus-baby-*": 0.83,
			"*-abelisaurus-adult-male": 0.78,"*-abelisaurus-adult-female": 0.7,"*-abelisaurus-baby-*": 0.78,
			"*-majungasaurus-adult-male": 0.78,"*-majungasaurus-adult-female": 0.7,"*-majungasaurus-baby-*": 0.78,
			"*-skorpiovenator-adult-male": 0.72,"*-skorpiovenator-adult-female": 0.6,"*-skorpiovenator-baby-*": 0.72,
			"*-xenotarsosaurus-adult-male": 0.72,"*-xenotarsosaurus-adult-female": 0.6,"*-xenotarsosaurus-baby-*": 0.72,
			"*-rahiolisaurus-adult-male": 0.7,"*-rahiolisaurus-adult-female": 0.6,"*-rahiolisaurus-baby-*": 0.7,
			"*-arcovenator-adult-male": 0.67,"*-arcovenator-adult-female": 0.6,"*-arcovenator-baby-*": 0.67,
			"*-rugops-adult-male": 0.67,"*-rugops-adult-female": 0.6,"*-rugops-baby-*": 0.67,
			"*-aucasaurus-adult-male": 0.65,"*-aucasaurus-adult-female": 0.6,"*-aucasaurus-baby-*": 0.65,
			"*-dahalokely-adult-male": 0.65,"*-dahalokely-adult-female": 0.6,"*-dahalokely-baby-*": 0.65,
			"*-ilokelesia-adult-male": 0.6,"*-ilokelesia-adult-female": 0.5,"*-ilokelesia-baby-*": 0.6,
			"*-viavenator-adult-male": 0.59,"*-viavenator-adult-female": 0.5,"*-viavenator-baby-*": 0.59,
			"*-tarascosaurus-adult-male": 0.5,"*-tarascosaurus-adult-female": 0.4,"*-tarascosaurus-baby-*": 0.5,
			"*-thanos-adult-male": 0.45,"*-thanos-adult-female": 0.3,"*-thanos-baby-*": 0.45,
		},
        "behaviors": [
			{"code": "rideable", "enabledByType": {  "*-baby-*": false, "*": true},"minGeneration": 7 },
            {"code": "repulseagents" },
			{"code": "controlledphysics","stepHeightByType":
				{
				"*-baby-*":1.1251,
				"*-adult-*": 2,
				}
			},
			{"code": "floatupwhenstuck","onlyWhenDead": true},
			{"code": "interpolateposition" },
			{"code": "harvestable","quantitySlots": 8},
			{"code": "multiply", "enabledByType": { "*-adult-female": true, "*": false } },
			{"code": "despawn","minPlayerDistance": 8,"belowLightLevel": 8,"minSeconds": 300},
			{"code": "ropetieable","minGeneration": 8},
			{"code": "selectionboxes", "enabledByType": {  "*-baby-*": false, "*": true},"minGeneration": 7 },
			{"code": "ownable", "enabledByType": { "*-baby-*": false,"*": true},"minGeneration": 7 },
			{"code": "rideableaccessories", "enabledByType": {  "*-baby-*": false, "*": true},"minGeneration": 7 },

        ],
        "animations": [
            {"code": "attack","animation": "Attack","animationSpeed": 1.2,"weight": 10,"blendMode": "AddAverage"},
            {"code": "die","animation": "Die","easeInSpeed": 3,"animationSpeed": 1,"weight": 10,"blendMode": "Average","triggeredBy": {"onControls": ["dead"]}},
            {"code": "eat","animation": "Eat","easeInSpeed": 4,"easeOutSpeed": 4,"blendMode": "Average"},
            {"code": "run","animation": "Run","easeInSpeed": 10,"easeOutSpeed": 2,"supressDefaultAnimation": true,"blendMode": "Average"},
            {"code": "hurt","animation": "Hurt","animationSpeed": 2.2,"weight": 10,"blendMode": "AddAverage"},
            {"code": "idle","animation": "Idle","animationSpeed": 0.5,"blendMode": "AddAverage","easeOutSpeed": 4,"triggeredBy": {"defaultAnim": true}},
            {"code": "look","animation": "Look","blendMode": "AddAverage","easeOutSpeed": 0.25},
            {"code": "alert","animation": "Alert","animationSpeed": 1.2,"weight": 10,"blendMode": "AddAverage"},
            {"code": "roar","animation": "Roar","animationSpeed": 2.2,"weight": 10,"blendMode": "AddAverage"},
            {"code": "sit","animation": "Sit","easeInSpeed": 0.1,"easeOutSpeed": 0.5,"blendMode": "Average"},
            {"code": "lie","animation": "Lie","easeInSpeed": 0.1,"easeOutSpeed": 0.5,"weight": 10,"blendMode": "Average"},
            {"code": "sleep","animation": "Sleep","easeInSpeed": 2,"easeOutSpeed": 2,"weight": 5,"blendMode": "Average"},
            {"code": "swim","animation": "Swim","supressDefaultAnimation": true,"blendMode": "Average"},
            {"code": "walk","animation": "Walk","easeInSpeed": 1,"supressDefaultAnimation": true,"blendMode": "Average"},
            {"code": "leap","animation": "Leap","animationSpeed": 1.2,"weight": 10,"blendMode": "AddAverage"},
        ]
    },
    "server": {
		"attributes": {"pathfinder": {"minTurnAnglePerSec": 350,"maxTurnAnglePerSec": 650}},
        "behaviors": [
			{"code": "rideable", "enabledByType": {  "*-baby-*": false, "*": true},"minGeneration": 7 },
			{"code": "selectionboxes", "enabledByType": {  "*-baby-*": false, "*": true},"minGeneration": 7 },
			{"code": "ownable", "enabledByType": { "*-baby-*": false,"*": true},"minGeneration": 7 },
			{"code": "rideableaccessories", "enabledByType": {  "*-baby-*": false, "*": true},"minGeneration": 7 },
            {"code": "repulseagents" },
            {"code": "controlledphysics","stepHeightByType":
				{
				"*-baby-*":1.1251,
				"*-adult-*": 2,
				}
			},
            {"code": "despawn","minPlayerDistance": 8,"belowLightLevel": 8,"minSeconds": 300},
            {"code": "floatupwhenstuck","onlyWhenDead": true},
            {"code": "breathe"},
            {"code": "health",
                    "maxhealthByType": {
                        "*-pycnonemosaurus-adult-male": 175.0,"*-pycnonemosaurus-adult-female": 163.0,"*-pycnonemosaurus-baby-*": 4.0,
						"*-ekrixinatosaurus-adult-male": 165.0,"*-ekrixinatosaurus-adult-female": 148.0,"*-ekrixinatosaurus-baby-*": 4.0,
						"*-carnotaurus-adult-male": 175.0,"*-carnotaurus-adult-female": 163.0,"*-carnotaurus-baby-*": 4.0,
						"*-chenanisaurus-adult-male": 158.0,"*-chenanisaurus-adult-female": 148.0,"*-chenanisaurus-baby-*": 4.0,
						"*-rajasaurus-adult-male": 148.0,"*-rajasaurus-adult-female": 132.0,"*-rajasaurus-baby-*": 4.0,
						"*-abelisaurus-adult-male": 140.0,"*-abelisaurus-adult-female": 132.0,"*-abelisaurus-baby-*": 4.0,
						"*-majungasaurus-adult-male": 140.0,"*-majungasaurus-adult-female": 132.0,"*-majungasaurus-baby-*": 4.0,
						"*-skorpiovenator-adult-male": 130.0,"*-skorpiovenator-adult-female": 116.0,"*-skorpiovenator-baby-*": 3.0,
						"*-xenotarsosaurus-adult-male": 130.0,"*-xenotarsosaurus-adult-female": 116.0,"*-xenotarsosaurus-baby-*": 3.0,
						"*-rahiolisaurus-adult-male": 127.0,"*-rahiolisaurus-adult-female": 116.0,"*-rahiolisaurus-baby-*": 3.0,
						"*-arcovenator-adult-male": 123.0,"*-arcovenator-adult-female": 116.0,"*-arcovenator-baby-*": 3.0,
						"*-rugops-adult-male": 123.0,"*-rugops-adult-female": 116.0,"*-rugops-baby-*": 3.0,
						"*-aucasaurus-adult-male": 119.0,"*-aucasaurus-adult-female": 116.0,"*-aucasaurus-baby-*": 3.0,
						"*-dahalokely-adult-male": 119.0,"*-dahalokely-adult-female": 116.0,"*-dahalokely-baby-*": 3.0,
						"*-ilokelesia-adult-male": 111.0,"*-ilokelesia-adult-female": 100.0,"*-ilokelesia-baby-*": 3.0,
						"*-viavenator-adult-male": 110.0,"*-viavenator-adult-female": 100.0,"*-viavenator-baby-*": 3.0,
						"*-tarascosaurus-adult-male": 95.0,"*-tarascosaurus-adult-female": 84.0,"*-tarascosaurus-baby-*": 2.0,
						"*-thanos-adult-male": 88.0,"*-thanos-adult-female": 68.0,"*-thanos-baby-*": 2.0,
                    }
			},
            {"code": "deaddecay","hoursToDecay": 96,"decayedBlockByType": {"*-adult-*": "carcass-large","*-baby-*": "carcass-small"}},
            {"code": "harvestable",
				"quantitySlots": 8,
				"drops": [
					{
						"type": "item",
						"code": "game:bushmeat-raw",
						"quantityByType": {
							"*-pycnonemosaurus-adult-*": {"avg": 100.0,"var": 10}, "*-pycnonemosaurus-baby-*": {"avg": 3.0,"var": 1},
							"*-ekrixinatosaurus-adult-*": {"avg": 95.0,"var": 10}, "*-ekrixinatosaurus-baby-*": {"avg": 3.0,"var": 1},
							"*-carnotaurus-adult-*": {"avg": 100.0,"var": 10}, "*-carnotaurus-baby-*": {"avg": 3.0,"var": 1},
							"*-chenanisaurus-adult-*": {"avg": 90.0,"var": 10}, "*-chenanisaurus-baby-*": {"avg": 3.0,"var": 1},
							"*-rajasaurus-adult-*": {"avg": 85.0,"var": 10}, "*-rajasaurus-baby-*": {"avg": 3.0,"var": 1},
							"*-abelisaurus-adult-*": {"avg": 80.0,"var": 10}, "*-abelisaurus-baby-*": {"avg": 2.0,"var": 1},
							"*-majungasaurus-adult-*": {"avg": 80.0,"var": 10}, "*-majungasaurus-baby-*": {"avg": 2.0,"var": 1},
							"*-skorpiovenator-adult-*": {"avg": 75.0,"var": 10}, "*-skorpiovenator-baby-*": {"avg": 2.0,"var": 1},
							"*-xenotarsosaurus-adult-*": {"avg": 75.0,"var": 10}, "*-xenotarsosaurus-baby-*": {"avg": 2.0,"var": 1},
							"*-rahiolisaurus-adult-*": {"avg": 73.0,"var": 10}, "*-rahiolisaurus-baby-*": {"avg": 2.0,"var": 1},
							"*-arcovenator-adult-*": {"avg": 70.0,"var": 10}, "*-arcovenator-baby-*": {"avg": 2.0,"var": 1},
							"*-rugops-adult-*": {"avg": 70.0,"var": 10}, "*-rugops-baby-*": {"avg": 2.0,"var": 1},
							"*-aucasaurus-adult-*": {"avg": 68.0,"var": 10}, "*-aucasaurus-baby-*": {"avg": 2.0,"var": 1},
							"*-dahalokely-adult-*": {"avg": 68.0,"var": 10}, "*-dahalokely-baby-*": {"avg": 2.0,"var": 1},
							"*-ilokelesia-adult-*": {"avg": 64.0,"var": 10}, "*-ilokelesia-baby-*": {"avg": 2.0,"var": 1},
							"*-viavenator-adult-*": {"avg": 63.0,"var": 10}, "*-viavenator-baby-*": {"avg": 2.0,"var": 1},
							"*-tarascosaurus-adult-*": {"avg": 55.0,"var": 10}, "*-tarascosaurus-baby-*": {"avg": 2.0,"var": 1},
							"*-thanos-adult-*": {"avg": 50.0,"var": 10}, "*-thanos-baby-*": {"avg": 2.0,"var": 1},
						}
					},
					{
						"type": "item",
						"code": "game:fat",
						"quantityByType": {
							"*-pycnonemosaurus-adult-*": {"avg": 15.0,"var": 5}, "*-pycnonemosaurus-baby-*": {"avg": 1,"var": 1},
							"*-ekrixinatosaurus-adult-*": {"avg": 14.0,"var": 5}, "*-ekrixinatosaurus-baby-*": {"avg": 1,"var": 1},
							"*-carnotaurus-adult-*": {"avg": 15.0,"var": 5}, "*-carnotaurus-baby-*": {"avg": 1,"var": 1},
							"*-chenanisaurus-adult-*": {"avg": 14.0,"var": 5}, "*-chenanisaurus-baby-*": {"avg": 1,"var": 1},
							"*-rajasaurus-adult-*": {"avg": 13.0,"var": 5}, "*-rajasaurus-baby-*": {"avg": 1,"var": 1},
							"*-abelisaurus-adult-*": {"avg": 12.0,"var": 5}, "*-abelisaurus-baby-*": {"avg": 1,"var": 1},
							"*-majungasaurus-adult-*": {"avg": 12.0,"var": 5}, "*-majungasaurus-baby-*": {"avg": 1,"var": 1},
							"*-skorpiovenator-adult-*": {"avg": 11.0,"var": 5}, "*-skorpiovenator-baby-*": {"avg": 1,"var": 1},
							"*-xenotarsosaurus-adult-*": {"avg": 11.0,"var": 5}, "*-xenotarsosaurus-baby-*": {"avg": 1,"var": 1},
							"*-rahiolisaurus-adult-*": {"avg": 11.0,"var": 5}, "*-rahiolisaurus-baby-*": {"avg": 1,"var": 1},
							"*-arcovenator-adult-*": {"avg": 11.0,"var": 5}, "*-arcovenator-baby-*": {"avg": 1,"var": 1},
							"*-rugops-adult-*": {"avg": 11.0,"var": 5}, "*-rugops-baby-*": {"avg": 1,"var": 1},
							"*-aucasaurus-adult-*": {"avg": 10.0,"var": 5}, "*-aucasaurus-baby-*": {"avg": 1,"var": 1},
							"*-dahalokely-adult-*": {"avg": 10.0,"var": 5}, "*-dahalokely-baby-*": {"avg": 1,"var": 1},
							"*-ilokelesia-adult-*": {"avg": 10.0,"var": 5}, "*-ilokelesia-baby-*": {"avg": 1,"var": 1},
							"*-viavenator-adult-*": {"avg": 9.0,"var": 5}, "*-viavenator-baby-*": {"avg": 1,"var": 1},
							"*-tarascosaurus-adult-*": {"avg": 8.0,"var": 5}, "*-tarascosaurus-baby-*": {"avg": 1,"var": 1},
							"*-thanos-adult-*": {"avg": 8.0,"var": 5}, "*-thanos-baby-*": {"avg": 1,"var": 1},
						}
					},
					{
						"type": "item",
						"code": "game:hide-raw-huge",
						"quantityByType": {
							"*-baby-*": {"avg": 0,"var": 0},
							"*-pycnonemosaurus-adult-*": {"avg": 5.0,"var": 0},
							"*-ekrixinatosaurus-adult-*": {"avg": 5.0,"var": 0},
							"*-carnotaurus-adult-*": {"avg": 5.0,"var": 0},
							"*-chenanisaurus-adult-*": {"avg": 4.0,"var": 0},
							"*-rajasaurus-adult-*": {"avg": 4.0,"var": 0},
							"*-abelisaurus-adult-*": {"avg": 4.0,"var": 0},
							"*-majungasaurus-adult-*": {"avg": 4.0,"var": 0},
							"*-skorpiovenator-adult-*": {"avg": 4.0,"var": 0},
							"*-xenotarsosaurus-adult-*": {"avg": 4.0,"var": 0},
							"*-rahiolisaurus-adult-*": {"avg": 4.0,"var": 0},
							"*-arcovenator-adult-*": {"avg": 3.0,"var": 0},
							"*-rugops-adult-*": {"avg": 3.0,"var": 0},
							"*-aucasaurus-adult-*": {"avg": 3.0,"var": 0},
							"*-dahalokely-adult-*": {"avg": 3.0,"var": 0},
							"*-ilokelesia-adult-*": {"avg": 3.0,"var": 0},
							"*-viavenator-adult-*": {"avg": 3.0,"var": 0},
							"*-tarascosaurus-adult-*": {"avg": 2.0,"var": 0},
							"*-thanos-adult-*": {"avg": 2.0,"var": 0},
						}
					},
					{
						"type": "item",
						"code": "game:hide-raw-small",
						"quantityByType": {
							"*-baby-*": {"avg": 1.0,"var": 0.0},
							"*": {"avg": 0.0,"var": 0.0}
						}
					},
				]
			},
			{"code": "multiply",
				"enabledByType": {
					"*-adult-female": true,
					"*": false
				},
				"spawnEntityCodesByType": {
					"*": [ { "code":"abelisauridae:abelisauridae-{type}-egg-raw"}]},
				"requiresNearbyEntityCodeByType": {
					"*": "abelisauridae:abelisauridae-{type}-adult-male"},
				"eatAnyway": true,
				"requiresNearbyEntityRange": 20,
				"spawnQuantityMin": 6,
				"spawnQuantityMaxByType": {"*": 12},
				"pregnancyDaysByType": {"*": 30},
				"multiplyCooldownDaysMinByType": {"*": 30},
				"multiplyCooldownDaysMaxByType": {"*": 70},
				"portionsEatenForMultiplyByType": {
					"*-pycnonemosaurus-adult-*":18.0,
					"*-ekrixinatosaurus-adult-*":17.0,
					"*-carnotaurus-adult-*":18.0,
					"*-chenanisaurus-adult-*":17.0,
					"*-rajasaurus-adult-*":16.0,
					"*-abelisaurus-adult-*":15.0,
					"*-majungasaurus-adult-*":15.0,
					"*-skorpiovenator-adult-*":15.0,
					"*-xenotarsosaurus-adult-*":15.0,
					"*-rahiolisaurus-adult-*":14.0,
					"*-arcovenator-adult-*":14.0,
					"*-rugops-adult-*":14.0,
					"*-aucasaurus-adult-*":14.0,
					"*-dahalokely-adult-*":14.0,
					"*-ilokelesia-adult-*":13.0,
					"*-viavenator-adult-*":13.0,
					"*-tarascosaurus-adult-*":12.0,
					"*-thanos-adult-*":11.0,
				}
			},
            {"code": "grow",
					"enabledByType": {
					"*-baby-*": true,
					"*": false
				},
				"hoursToGrowByType": {
					"*-pycnonemosaurus-adult-*":450.0,
					"*-ekrixinatosaurus-adult-*":423.0,
					"*-carnotaurus-adult-*":450.0,
					"*-chenanisaurus-adult-*":400.0,
					"*-rajasaurus-adult-*":374.0,
					"*-abelisaurus-adult-*":351.0,
					"*-majungasaurus-adult-*":351.0,
					"*-skorpiovenator-adult-*":324.0,
					"*-xenotarsosaurus-adult-*":324.0,
					"*-rahiolisaurus-adult-*":315.0,
					"*-arcovenator-adult-*":302.0,
					"*-rugops-adult-*":302.0,
					"*-aucasaurus-adult-*":292.0,
					"*-dahalokely-adult-*":292.0,
					"*-ilokelesia-adult-*":270.0,
					"*-viavenator-adult-*":266.0,
					"*-tarascosaurus-adult-*":225.0,
					"*-thanos-adult-*":202.0,
				},
				"adultEntityCodesByType": {
					"*-baby-male": ["abelisauridae:abelisauridae-{type}-adult-male"],
					"*-baby-female": ["abelisauridae:abelisauridae-{type}-adult-female"]
				}
			},
			{"code": "emotionstates",
				"states": [
					{"code": "aggressiveondamage","duration": 60,"chanceByType": {"*-adult-*": 1,"*-baby-*": 0.5},"slot": 3,"priority": 3,"accumType": "noaccum"},
					{"code": "fleeondamage","duration": 60,"slot": 1,"chanceByType": {"*-adult-*": 1,"*-baby-*": 0},"priority": 2,"accumType": "max","whenHealthRelBelow": 0.3},
					{"code": "fleeondamage","duration": 30,"slot": 1,"chanceByType": {"*-adult-*": 0,"*-baby-*": 1},"priority": 0.75,"accumType": "max","whenHealthRelBelow": 0.6},
					{"code": "saturated","duration": 1200,"chance": 1,"slot": 0,"priority": 1,"accumType": "sum"},
					{ "code": "aggressivearoundentities", "duration": 60, "chanceByType": {"*-baby-*": 0.0,"*-adult-*": 1.0}, "slot": 2, "priority": 5, "entityCodes": ["abelisauridae:abelisauridae-{type}-baby-male","abelisauridae:abelisauridae-{type}-baby-female"], "maxGeneration": 5 }
				]
			},
			{"code": "taskai",
				"aiCreatureType": "LandCreature",
				"aitasks": [
					{
                        "code": "meleeattack",
                        "animation": "Attack",
                        "entityCodesByType": {
							"*-adult-*":
								[
									"player", "bear-*","chicken-*", "deer-*","drifter-*", "fox-*", "gazelle-*", "goat-*","hare-*","hyena-*", "moose-*", "pig-*", "raccoon-*", "sheep-*","tameddeer-*", "wolf-*",

									"lure-*", "hitch",

									"ceratopsidae-*","spinosauridae-*","ankylosauria-*", "macronaria-*","dromaeosauridae-*","hadrosauroidea-*", "tyrannosauridae-*","pachycephalosaurus-*",

									"cervidae-*", "elephantidae-*", "dinornithidae-*", "pantherinae-*", "caninae-*", "cervinae-*", "bovinae-*", "felinae-*", "rhinocerotidae-*", "machairodontinae-*", "vombatidae-*", "ursidae-*", "capreolinae-*",
									"capercaillie-*","goldenpheasant-*","pheasant-*", "wildturkey-*", "bison-*", "cockatrice-*", "direwolf-*", "faunling-*", "foal-*", "geodecrab-*", "giraffe", "golem-*", "hellboar-*", "horse-*", "ostrich-*", "scorpion-*", "spider-*", "tame-*", "toad-*", "chelonoidis-*"
								],
							"*-baby-*":
								[
									"player","chicken-*","gazelle-*","goat-*","sheep-*","pig-*","hare-*","deer-*","raccoon-*","moose-*","wolf-pup",

									"*-baby-*","lure-*",

									"cervidae-*", "cervinae-*", "bovinae-*", "capreolinae-*", "dinornithidae-*",
									"capercaillie-*","goldenpheasant-*","pheasant-*", "wildturkey-*", "bison-*", "cockatrice-*", "faunling-*", "foal-*", "geodecrab-*", "ostrich-*", "scorpion-*", "spider-*", "tame-*", "toad-*", "chelonoidis-*",
								],

							},
                        "priority": 1.9,
                        "slot": 1,
                        "damageByType": {
							"*-pycnonemosaurus-adult-male": 20.0,"*-pycnonemosaurus-adult-female": 19.2,"*-pycnonemosaurus-baby-*": 4.0,
							"*-ekrixinatosaurus-adult-male": 19.5,"*-ekrixinatosaurus-adult-female": 18.7,"*-ekrixinatosaurus-baby-*": 3.9,
							"*-carnotaurus-adult-male": 20.0,"*-carnotaurus-adult-female": 19.2,"*-carnotaurus-baby-*": 4.0,
							"*-chenanisaurus-adult-male": 19.1,"*-chenanisaurus-adult-female": 18.3,"*-chenanisaurus-baby-*": 3.8,
							"*-rajasaurus-adult-male": 18.6,"*-rajasaurus-adult-female": 17.8,"*-rajasaurus-baby-*": 3.7,
							"*-abelisaurus-adult-male": 18.2,"*-abelisaurus-adult-female": 17.4,"*-abelisaurus-baby-*": 3.6,
							"*-majungasaurus-adult-male": 18.2,"*-majungasaurus-adult-female": 17.4,"*-majungasaurus-baby-*": 3.6,
							"*-skorpiovenator-adult-male": 17.8,"*-skorpiovenator-adult-female": 17.0,"*-skorpiovenator-baby-*": 3.6,
							"*-xenotarsosaurus-adult-male": 17.8,"*-xenotarsosaurus-adult-female": 17.0,"*-xenotarsosaurus-baby-*": 3.6,
							"*-rahiolisaurus-adult-male": 17.6,"*-rahiolisaurus-adult-female": 16.8,"*-rahiolisaurus-baby-*": 3.5,
							"*-arcovenator-adult-male": 17.4,"*-arcovenator-adult-female": 16.6,"*-arcovenator-baby-*": 3.5,
							"*-rugops-adult-male": 17.4,"*-rugops-adult-female": 16.6,"*-rugops-baby-*": 3.5,
							"*-aucasaurus-adult-male": 17.2,"*-aucasaurus-adult-female": 16.4,"*-aucasaurus-baby-*": 3.4,
							"*-dahalokely-adult-male": 17.2,"*-dahalokely-adult-female": 16.4,"*-dahalokely-baby-*": 3.4,
							"*-ilokelesia-adult-male": 16.8,"*-ilokelesia-adult-female": 16.0,"*-ilokelesia-baby-*": 3.4,
							"*-viavenator-adult-male": 16.7,"*-viavenator-adult-female": 15.9,"*-viavenator-baby-*": 3.3,
							"*-tarascosaurus-adult-male": 16.0,"*-tarascosaurus-adult-female": 15.2,"*-tarascosaurus-baby-*": 3.2,
							"*-thanos-adult-male": 15.6,"*-thanos-adult-female": 14.8,"*-thanos-baby-*": 3.1,
                        },
                        "damageType": "SlashingAttack",
                        "knockbackStrengthByType": {
							"*-baby-*":1,
							"*-adult-*": 2,
							},
                        "damageTierByType": {
							"*-baby-*":1,
							"*-pycnonemosaurus-adult-*": 3,
							"*-ekrixinatosaurus-adult-*": 3,
							"*-carnotaurus-adult-*": 3,
							"*-chenanisaurus-adult-*": 3,
							"*-rajasaurus-adult-*": 3,
							"*-abelisaurus-adult-*": 3,
							"*-majungasaurus-adult-*": 3,
							"*-skorpiovenator-adult-*": 3,
							"*-xenotarsosaurus-adult-*": 3,
							"*-rahiolisaurus-adult-*": 3,
							"*-arcovenator-adult-*": 3,
							"*-rugops-adult-*": 3,
							"*-aucasaurus-adult-*": 3,
							"*-dahalokely-adult-*": 3,
							"*-ilokelesia-adult-*": 3,
							"*-viavenator-adult-*": 3,
							"*-tarascosaurus-adult-*": 2,
							"*-thanos-adult-*": 2,
							},
                        "mincooldown": 800,
                        "maxcooldown": 1000,
                        "minDistByType": {
							"*-baby-*":1,
							"*-adult-*": 5,
							},
                        "minVerDistByType": {
							"*-baby-*":1,
							"*-adult-*": 5,
							},
                        "attackAngleRangeDeg": 180,
                        "attackDurationMs": 1250,
                        "damagePlayerAtMs": 500,
                        "animationSpeed": 1.5,
                        "soundByType": {"*-adult-*":"creature/roar","*-baby-*":"creature/baby",},
					},
					{
						"code": "seekentity",
						"animation": "Run",
						"entityCodesByType": {
							"*-adult-*":[
											"player", "bear-*","chicken-*", "deer-*","drifter-*", "fox-*", "gazelle-*", "goat-*","hare-*","hyena-*", "moose-*", "pig-*", "raccoon-*", "sheep-*","tameddeer-*", "wolf-*",

											"hadrosauroidea-*",

											"dromaeosauridae-dromaeosaurus-adult-*","dromaeosauridae-adasaurus-adult-*","dromaeosauridae-velociraptor-adult-*","dromaeosauridae-saurornitholestes-adult-*","dromaeosauridae-atrociraptor-adult-*","dromaeosauridae-pyroraptor-adult-*","dromaeosauridae-buitreraptor-adult-*","dromaeosauridae-microraptor-adult-*","dromaeosauridae-rahonavis-adult-*",

											"ceratopsidae-triceratops-baby-*", "ceratopsidae-pentaceratops-baby-*", "ceratopsidae-styracosaurus-baby-*", "ceratopsidae-centrosaurus-baby-*", "ceratopsidae-nasutoceratops-baby-*", "ceratopsidae-pachyrhinosaurus-baby-*","macronaria-argentinosaurus-baby-*","macronaria-patagotitan-baby-*","macronaria-dreadnoughtus-baby-*","macronaria-futalognkosaurus-baby-*","macronaria-brachiosaurus-baby-*","macronaria-giraffatitan-baby-*","macronaria-diamantinasaurus-baby-*","macronaria-europatitan-baby-*","macronaria-antarctosaurus-baby-*","macronaria-ruyangosaurus-baby-*","macronaria-camarasaurus-baby-*","macronaria-bruhathkayosaurus-baby-*","macronaria-malawisaurus-baby-*","macronaria-rapetosaurus-baby-*","macronaria-ampelosaurus-baby-*",

											"ankylosauria-ankylosaurus-baby-*","ankylosauria-tarchia-baby-*","ankylosauria-euoplocephalus-baby-*","ankylosauria-edmontonia-baby-*","ankylosauria-ankylosaurus-baby-*","ankylosauria-pinacosaurus-baby-*","ankylosauria-antarctopelta-baby-*","ankylosauria-struthiosaurus-baby-*",

											"spinosauridae-spinosaurus-baby-*", "spinosauridae-oxalaia-baby-*", "spinosauridae-suchomimus-baby-*", "spinosauridae-baryonyx-baby-*", "spinosauridae-ichthyovenator-baby-*","spinosauridae-irritator-baby-*",

											"macronaria-argentinosaurus-baby-*","macronaria-patagotitan-baby-*","macronaria-dreadnoughtus-baby-*","macronaria-futalognkosaurus-baby-*","macronaria-brachiosaurus-baby-*","macronaria-giraffatitan-baby-*","macronaria-diamantinasaurus-baby-*","macronaria-europatitan-baby-*","macronaria-antarctosaurus-baby-*","macronaria-ruyangosaurus-baby-*","macronaria-camarasaurus-baby-*","macronaria-bruhathkayosaurus-baby-*","macronaria-malawisaurus-baby-*","macronaria-rapetosaurus-baby-*","macronaria-ampelosaurus-baby-*",

											"tyrannosauridae-tyrannosaurus-baby-*","tyrannosauridae-tarbosaurus-baby-*","tyrannosauridae-nanuqsaurus-baby-*","tyrannosauridae-albertosaurus-baby-*","tyrannosauridae-gorgosaurus-baby-*","tyrannosauridae-alioramus-baby-*","tyrannosauridae-qianzhousaurus-baby-*","tyrannosauridae-zhuchengtyrannus-baby-*","tyrannosauridae-bistahieversor-baby-*","tyrannosauridae-thanatotheristes-baby-*","tyrannosauridae-teratophoneus-baby-*","tyrannosauridae-dynamoterror-baby-*",

											"pachycephalosauria-pachycephalosaurus-baby-*","pachycephalosauria-platytholus-baby-*","pachycephalosauria-prenocephale-baby-*","pachycephalosauria-stegoceras-baby-*","pachycephalosauria-hanssuesia-baby-*","pachycephalosauria-sinocephale-baby-*","pachycephalosauria-sphaerotholus-baby-*","pachycephalosauria-tylocephale-baby-*","pachycephalosauria-homalocephale-baby-*","pachycephalosauria-acrotholus-baby-*","pachycephalosauria-goyocephale-baby-*","pachycephalosauria-foraminacephale-baby-*","pachycephalosauria-alaskacephale-baby-*","pachycephalosauria-colepiocephale-baby-*","pachycephalosauria-amtocephale-baby-*","pachycephalosauria-wannanosaurus-baby-*",

											"pachycephalosauria-platytholus-adult-*","pachycephalosauria-prenocephale-adult-*","pachycephalosauria-stegoceras-adult-*","pachycephalosauria-hanssuesia-adult-*","pachycephalosauria-sinocephale-adult-*","pachycephalosauria-sphaerotholus-adult-*","pachycephalosauria-tylocephale-adult-*","pachycephalosauria-homalocephale-adult-*","pachycephalosauria-acrotholus-adult-*","pachycephalosauria-goyocephale-adult-*","pachycephalosauria-foraminacephale-adult-*","pachycephalosauria-alaskacephale-adult-*","pachycephalosauria-colepiocephale-adult-*","pachycephalosauria-amtocephale-adult-*","pachycephalosauria-wannanosaurus-adult-*",


											"cervidae-*", "elephantidae-*", "dinornithidae-*", "pantherinae-*", "caninae-*", "cervinae-*", "bovinae-*", "felinae-*", "rhinocerotidae-*", "machairodontinae-*", "vombatidae-*", "ursidae-*", "capreolinae-*",
											"capercaillie-*","goldenpheasant-*","pheasant-*", "wildturkey-*", "bison-*", "cockatrice-*", "direwolf-*", "faunling-*", "foal-*", "giraffe", "hellboar-*", "horse-*", "ostrich-*",  "tame-*",
											"chelonoidis-*",
										],
							"*-baby-*":[
											"player","chicken-*","gazelle-*","goat-*","sheep-*","pig-*","hare-*","deer-*","raccoon-*","moose-*","wolf-pup",

											"ceratopsidae-triceratops-baby-*", "ceratopsidae-pentaceratops-baby-*", "ceratopsidae-styracosaurus-baby-*", "ceratopsidae-centrosaurus-baby-*", "ceratopsidae-nasutoceratops-baby-*", "ceratopsidae-pachyrhinosaurus-baby-*","macronaria-argentinosaurus-baby-*","macronaria-patagotitan-baby-*","macronaria-dreadnoughtus-baby-*","macronaria-futalognkosaurus-baby-*","macronaria-brachiosaurus-baby-*","macronaria-giraffatitan-baby-*","macronaria-diamantinasaurus-baby-*","macronaria-europatitan-baby-*","macronaria-antarctosaurus-baby-*","macronaria-ruyangosaurus-baby-*","macronaria-camarasaurus-baby-*","macronaria-bruhathkayosaurus-baby-*","macronaria-malawisaurus-baby-*","macronaria-rapetosaurus-baby-*","macronaria-ampelosaurus-baby-*",

											"ankylosauria-ankylosaurus-baby-*","ankylosauria-tarchia-baby-*","ankylosauria-euoplocephalus-baby-*","ankylosauria-edmontonia-baby-*","ankylosauria-ankylosaurus-baby-*","ankylosauria-pinacosaurus-baby-*","ankylosauria-antarctopelta-baby-*","ankylosauria-struthiosaurus-baby-*",

											"spinosauridae-spinosaurus-baby-*", "spinosauridae-oxalaia-baby-*", "spinosauridae-suchomimus-baby-*", "spinosauridae-baryonyx-baby-*", "spinosauridae-ichthyovenator-baby-*","spinosauridae-irritator-baby-*",

											"dromaeosauridae-utahraptor-baby-*","dromaeosauridae-dakotaraptor-baby-*","dromaeosauridae-achillobator-baby-*","dromaeosauridae-austroraptor-baby-*","dromaeosauridae-deinonychus-baby-*","dromaeosauridae-dromaeosaurus-baby-*","dromaeosauridae-adasaurus-baby-*","dromaeosauridae-velociraptor-baby-*","dromaeosauridae-saurornitholestes-baby-*","dromaeosauridae-atrociraptor-baby-*","dromaeosauridae-pyroraptor-baby-*","dromaeosauridae-buitreraptor-baby-*","dromaeosauridae-microraptor-baby-*","dromaeosauridae-rahonavis-baby-*",

											"hadrosauroidea-shangtungosaurus-baby-*","hadrosauroidea-magnapaulia-baby-*","hadrosauroidea-edmontosaurus-baby-*","hadrosauroidea-hadrosaurus-baby-*","hadrosauroidea-saurolophus-baby-*","hadrosauroidea-hypacrosaurus-baby-*","hadrosauroidea-parasaurolophus-baby-*","hadrosauroidea-charonosaurus-baby-*","hadrosauroidea-olorotitan-baby-*","hadrosauroidea-hypsibema-baby-*","hadrosauroidea-gryposaurus-baby-*","hadrosauroidea-lambeosaurus-baby-*","hadrosauroidea-brachylophosaurus-baby-*","hadrosauroidea-corythosaurus-baby-*","hadrosauroidea-maiasaura-baby-*","hadrosauroidea-barsboldia-baby-*","hadrosauroidea-amurosaurus-baby-*","hadrosauroidea-arenysaurus-baby-*","hadrosauroidea-bonapartesaurus-baby-*","hadrosauroidea-pararhabdodon-baby-*","hadrosauroidea-telmatosaurus-baby-*","hadrosauroidea-secernosaurus-baby-*","hadrosauroidea-probactrosaurus-baby-*","hadrosauroidea-acristavus-baby-*","hadrosauroidea-kazaklambia-baby-*","hadrosauroidea-tanius-baby-*","hadrosauroidea-canardia-baby-*",

											"pachycephalosauria-pachycephalosaurus-baby-*","pachycephalosauria-platytholus-baby-*","pachycephalosauria-prenocephale-baby-*","pachycephalosauria-stegoceras-baby-*","pachycephalosauria-hanssuesia-baby-*","pachycephalosauria-sinocephale-baby-*","pachycephalosauria-sphaerotholus-baby-*","pachycephalosauria-tylocephale-baby-*","pachycephalosauria-homalocephale-baby-*","pachycephalosauria-acrotholus-baby-*","pachycephalosauria-goyocephale-baby-*","pachycephalosauria-foraminacephale-baby-*","pachycephalosauria-alaskacephale-baby-*","pachycephalosauria-colepiocephale-baby-*","pachycephalosauria-amtocephale-baby-*","pachycephalosauria-wannanosaurus-baby-*",

											"cervidae-*", "cervinae-*", "bovinae-*", "capreolinae-*", "dinornithidae-*",
											"capercaillie-*","goldenpheasant-*","pheasant-*", "wildturkey-*", "bison-*", "cockatrice-*", "faunling-*", "foal-*", "geodecrab-*", "ostrich-*", "scorpion-*", "spider-*", "tame-*", "toad-*", "chelonoidis-*",

									],
							},
						"priority": 1.82,
						"seekingRange": 30,
						"belowTempSeekingRange": 20,
						"movespeedByType": {
							"*-baby-*":0.035,
							"*-pycnonemosaurus-adult-*":0.07,
							"*-ekrixinatosaurus-adult-*":0.0714,
							"*-carnotaurus-adult-*":0.07,
							"*-chenanisaurus-adult-*":0.0726,
							"*-rajasaurus-adult-*":0.074,
							"*-abelisaurus-adult-*":0.0751,
							"*-majungasaurus-adult-*":0.0751,
							"*-skorpiovenator-adult-*":0.0765,
							"*-xenotarsosaurus-adult-*":0.0765,
							"*-rahiolisaurus-adult-*":0.077,
							"*-arcovenator-adult-*":0.0777,
							"*-rugops-adult-*":0.0777,
							"*-aucasaurus-adult-*":0.0782,
							"*-dahalokely-adult-*":0.0782,
							"*-ilokelesia-adult-*":0.0793,
							"*-viavenator-adult-*":0.0796,
							"*-tarascosaurus-adult-*":0.0817,
							"*-thanos-adult-*":0.0828,
						},
						"animationSpeedByType": {
							"*-baby-*":2.5,
							"*-adult-*":1.7,
						},
						"whenNotInEmotionState": "saturated",
					},

					{
						"code": "seekentity",
						"animation": "Run",
						"enabledByType":{
							"*-pycnonemosaurus-adult-*":true,"*-ekrixinatosaurus-adult-*":true,"*-carnotaurus-adult-*":true,"*-chenanisaurus-adult-*":true,"*-rajasaurus-adult-*":true,"*-abelisaurus-adult-*":true,
							"*":false,
							},
						"entityCodesByType": {
							"*-adult-*":[
											"dromaeosauridae-utahraptor-adult-*","dromaeosauridae-dakotaraptor-adult-*","dromaeosauridae-achillobator-adult-*","dromaeosauridae-austroraptor-adult-*","dromaeosauridae-deinonychus-adult-*","dromaeosauridae-dromaeosaurus-adult-*","dromaeosauridae-adasaurus-adult-*",

											"macronaria-malawisaurus-adult-*","macronaria-rapetosaurus-adult-*","macronaria-ampelosaurus-adult-*",

											"tyrannosauridae-alioramus-adult-*","tyrannosauridae-nanuqsaurus-adult-*",

											"pachycephalosauria-*",
										],
							},
						"priority": 1.82,
						"seekingRange": 30,
						"belowTempSeekingRange": 20,
						"movespeedByType": {
							"*-baby-*":0.035,
							"*-pycnonemosaurus-adult-*":0.07,
							"*-ekrixinatosaurus-adult-*":0.0714,
							"*-carnotaurus-adult-*":0.07,
							"*-chenanisaurus-adult-*":0.0726,
							"*-rajasaurus-adult-*":0.074,
							"*-abelisaurus-adult-*":0.0751,
						},
						"animationSpeedByType": {
							"*-baby-*":2.5,
							"*-adult-*":1.7,
						},
						"whenNotInEmotionState": "saturated",
					},

					{
						"code": "seekentity",
						"animation": "Run",
						"entityCodesByType": {
							"*-adult-*":[
											"player", "bear-*","chicken-*", "deer-*","drifter-*", "fox-*", "gazelle-*", "goat-*","hare-*","hyena-*", "moose-*", "pig-*", "raccoon-*", "sheep-*","tameddeer-*", "wolf-*",

											"dromaeosauridae-*","hadrosauroidea-*","pachycephalosauria-*",

											"ceratopsidae-triceratops-baby-*", "ceratopsidae-pentaceratops-baby-*", "ceratopsidae-styracosaurus-baby-*", "ceratopsidae-centrosaurus-baby-*", "ceratopsidae-nasutoceratops-baby-*", "ceratopsidae-pachyrhinosaurus-baby-*","macronaria-argentinosaurus-baby-*","macronaria-patagotitan-baby-*","macronaria-dreadnoughtus-baby-*","macronaria-futalognkosaurus-baby-*","macronaria-brachiosaurus-baby-*","macronaria-giraffatitan-baby-*","macronaria-diamantinasaurus-baby-*","macronaria-europatitan-baby-*","macronaria-antarctosaurus-baby-*","macronaria-ruyangosaurus-baby-*","macronaria-camarasaurus-baby-*","macronaria-bruhathkayosaurus-baby-*","macronaria-malawisaurus-baby-*","macronaria-rapetosaurus-baby-*","macronaria-ampelosaurus-baby-*",

											"ankylosauria-ankylosaurus-baby-*","ankylosauria-tarchia-baby-*","ankylosauria-euoplocephalus-baby-*","ankylosauria-edmontonia-baby-*","ankylosauria-ankylosaurus-baby-*","ankylosauria-pinacosaurus-baby-*","ankylosauria-antarctopelta-baby-*","ankylosauria-struthiosaurus-baby-*",

											"spinosauridae-spinosaurus-baby-*", "spinosauridae-oxalaia-baby-*", "spinosauridae-suchomimus-baby-*", "spinosauridae-baryonyx-baby-*", "spinosauridae-ichthyovenator-baby-*","spinosauridae-irritator-baby-*",

											"macronaria-argentinosaurus-baby-*","macronaria-patagotitan-baby-*","macronaria-dreadnoughtus-baby-*","macronaria-futalognkosaurus-baby-*","macronaria-brachiosaurus-baby-*","macronaria-giraffatitan-baby-*","macronaria-diamantinasaurus-baby-*","macronaria-europatitan-baby-*","macronaria-antarctosaurus-baby-*","macronaria-ruyangosaurus-baby-*","macronaria-camarasaurus-baby-*","macronaria-bruhathkayosaurus-baby-*","macronaria-malawisaurus-baby-*","macronaria-rapetosaurus-baby-*","macronaria-ampelosaurus-baby-*",

											"cervidae-*", "elephantidae-*", "dinornithidae-*", "pantherinae-*", "caninae-*", "cervinae-*", "bovinae-*", "felinae-*", "rhinocerotidae-*", "machairodontinae-*", "vombatidae-*", "ursidae-*", "capreolinae-*",
											"capercaillie-*","goldenpheasant-*","pheasant-*", "wildturkey-*", "bison-*", "cockatrice-*", "direwolf-*", "faunling-*", "foal-*", "giraffe", "hellboar-*", "horse-*", "ostrich-*",  "tame-*",
											"chelonoidis-*",
										],
							"*-baby-*":[
											"player","chicken-*","gazelle-*","goat-*","sheep-*","pig-*","hare-*","deer-*","raccoon-*","moose-*","wolf-pup",

											"ceratopsidae-triceratops-baby-*", "ceratopsidae-pentaceratops-baby-*", "ceratopsidae-styracosaurus-baby-*", "ceratopsidae-centrosaurus-baby-*", "ceratopsidae-nasutoceratops-baby-*", "ceratopsidae-pachyrhinosaurus-baby-*","macronaria-argentinosaurus-baby-*","macronaria-patagotitan-baby-*","macronaria-dreadnoughtus-baby-*","macronaria-futalognkosaurus-baby-*","macronaria-brachiosaurus-baby-*","macronaria-giraffatitan-baby-*","macronaria-diamantinasaurus-baby-*","macronaria-europatitan-baby-*","macronaria-antarctosaurus-baby-*","macronaria-ruyangosaurus-baby-*","macronaria-camarasaurus-baby-*","macronaria-bruhathkayosaurus-baby-*","macronaria-malawisaurus-baby-*","macronaria-rapetosaurus-baby-*","macronaria-ampelosaurus-baby-*",

											"ankylosauria-ankylosaurus-baby-*","ankylosauria-tarchia-baby-*","ankylosauria-euoplocephalus-baby-*","ankylosauria-edmontonia-baby-*","ankylosauria-ankylosaurus-baby-*","ankylosauria-pinacosaurus-baby-*","ankylosauria-antarctopelta-baby-*","ankylosauria-struthiosaurus-baby-*",

											"spinosauridae-spinosaurus-baby-*", "spinosauridae-oxalaia-baby-*", "spinosauridae-suchomimus-baby-*", "spinosauridae-baryonyx-baby-*", "spinosauridae-ichthyovenator-baby-*","spinosauridae-irritator-baby-*",

											"dromaeosauridae-utahraptor-baby-*","dromaeosauridae-dakotaraptor-baby-*","dromaeosauridae-achillobator-baby-*","dromaeosauridae-austroraptor-baby-*","dromaeosauridae-deinonychus-baby-*","dromaeosauridae-dromaeosaurus-baby-*","dromaeosauridae-adasaurus-baby-*","dromaeosauridae-velociraptor-baby-*","dromaeosauridae-saurornitholestes-baby-*","dromaeosauridae-atrociraptor-baby-*","dromaeosauridae-pyroraptor-baby-*","dromaeosauridae-buitreraptor-baby-*","dromaeosauridae-microraptor-baby-*","dromaeosauridae-rahonavis-baby-*",

											"hadrosauroidea-shangtungosaurus-baby-*","hadrosauroidea-magnapaulia-baby-*","hadrosauroidea-edmontosaurus-baby-*","hadrosauroidea-hadrosaurus-baby-*","hadrosauroidea-saurolophus-baby-*","hadrosauroidea-hypacrosaurus-baby-*","hadrosauroidea-parasaurolophus-baby-*","hadrosauroidea-charonosaurus-baby-*","hadrosauroidea-olorotitan-baby-*","hadrosauroidea-hypsibema-baby-*","hadrosauroidea-gryposaurus-baby-*","hadrosauroidea-lambeosaurus-baby-*","hadrosauroidea-brachylophosaurus-baby-*","hadrosauroidea-corythosaurus-baby-*","hadrosauroidea-maiasaura-baby-*","hadrosauroidea-barsboldia-baby-*","hadrosauroidea-amurosaurus-baby-*","hadrosauroidea-arenysaurus-baby-*","hadrosauroidea-bonapartesaurus-baby-*","hadrosauroidea-pararhabdodon-baby-*","hadrosauroidea-telmatosaurus-baby-*","hadrosauroidea-secernosaurus-baby-*","hadrosauroidea-probactrosaurus-baby-*","hadrosauroidea-acristavus-baby-*","hadrosauroidea-kazaklambia-baby-*","hadrosauroidea-tanius-baby-*","hadrosauroidea-canardia-baby-*",

											"pachycephalosauria-pachycephalosaurus-baby-*","pachycephalosauria-platytholus-baby-*","pachycephalosauria-prenocephale-baby-*","pachycephalosauria-stegoceras-baby-*","pachycephalosauria-hanssuesia-baby-*","pachycephalosauria-sinocephale-baby-*","pachycephalosauria-sphaerotholus-baby-*","pachycephalosauria-tylocephale-baby-*","pachycephalosauria-homalocephale-baby-*","pachycephalosauria-acrotholus-baby-*","pachycephalosauria-goyocephale-baby-*","pachycephalosauria-foraminacephale-baby-*","pachycephalosauria-alaskacephale-baby-*","pachycephalosauria-colepiocephale-baby-*","pachycephalosauria-amtocephale-baby-*","pachycephalosauria-wannanosaurus-baby-*",

											"cervidae-*", "cervinae-*", "bovinae-*", "capreolinae-*", "dinornithidae-*",
											"capercaillie-*","goldenpheasant-*","pheasant-*", "wildturkey-*", "bison-*", "cockatrice-*", "faunling-*", "foal-*", "geodecrab-*", "ostrich-*", "scorpion-*", "spider-*", "tame-*", "toad-*", "chelonoidis-*",
									],
							},
						"priority": 1.82,
						"seekingRange": 50,
						"belowTempSeekingRange": 30,
						"movespeedByType": {
							"*-baby-*":0.035,
							"*-pycnonemosaurus-adult-*":0.07,
							"*-ekrixinatosaurus-adult-*":0.0714,
							"*-carnotaurus-adult-*":0.07,
							"*-chenanisaurus-adult-*":0.0726,
							"*-rajasaurus-adult-*":0.074,
							"*-abelisaurus-adult-*":0.0751,
							"*-majungasaurus-adult-*":0.0751,
							"*-skorpiovenator-adult-*":0.0765,
							"*-xenotarsosaurus-adult-*":0.0765,
							"*-arcovenator-adult-*":0.0777,
							"*-aucasaurus-adult-*":0.0791,
							"*-ilokelesia-adult-*":0.0803,
							"*-viavenator-adult-*":0.0803,
							"*-tarascosaurus-adult-*":0.0856,
							"*-thanos-adult-*":0.0868,
						},
						"animationSpeedByType": {
							"*-baby-*":2.5,
							"*-adult-*":1.7,
						},
						"whenInEmotionState": "aggressivearoundentities|aggressiveondamage|fleeondamage",
					},
					{
						"code": "wander",
						"priority": 1,
						"movespeedByType": {
							"*-baby-*":0.008,
							"*-adult-*":0.02,
						},
						"animationSpeedByType": {"*-adult-*":1.5,"*-baby-*":2.25},
						"priorityForCancel": 1.35,
						"chance": 0.005,
						"animation": "Walk",
						"preferredLightLevel": 20,
						"duringDayTimeFrames": [
							{"fromHour": 18, "toHour": 19},
						],
						"stopOnNearbyEntityCodes": ["player", "bear-*","chicken-*", "deer-*","drifter-*", "fox-*", "gazelle-*", "goat-*","hare-*","hyena-*", "moose-*", "pig-*", "raccoon-*", "sheep-*","tameddeer-*", "wolf-*",

                        "ceratopsidae-*", "spinosauridae-*","ankylosauria-*","macronaria-*","dromaeosauridae-*","hadrosauroidea-*","pachycephalosauria-*",

                        "cervidae-*", "elephantidae-*", "dinornithidae-*", "pantherinae-*", "caninae-*", "cervinae-*", "bovinae-*", "felinae-*", "rhinocerotidae-*", "machairodontinae-*", "vombatidae-*", "ursidae-*", "capreolinae-*",
                        "capercaillie-*","goldenpheasant-*","pheasant-*", "wildturkey-*", "bison-*", "cockatrice-*", "direwolf-*", "faunling-*", "foal-*", "giraffe", "hellboar-*", "horse-*", "ostrich-*",  "tame-*",
                        "chelonoidis-*",
                        ],
						"whenNotInEmotionState": "aggressiveondamage|fleeondamage",
						"soundRange": 30,
					},
					{
                        "code": "idle",
                        "animation": "Sit",
                        "priority": 1.2,
                        "minduration": 20000,
                        "maxduration": 240000,
                        "mincooldown": 6000,
                        "maxcooldown": 12000,
                        "priorityForCancel": 1.28,
                        "duringDayTimeFrames": [
                            {"fromHour": 4,"toHour": 6},
                            {"fromHour": 8,"toHour": 10},
                            {"fromHour": 12,"toHour": 16}
                        ],
                        "stopOnNearbyEntityCodes": ["player", "bear-*","chicken-*", "deer-*","drifter-*", "fox-*", "gazelle-*", "goat-*","hare-*","hyena-*", "moose-*", "pig-*", "raccoon-*", "sheep-*","tameddeer-*", "wolf-*",

                        "ceratopsidae-*", "spinosauridae-*","ankylosauria-*","macronaria-*","dromaeosauridae-*","hadrosauroidea-*","pachycephalosauria-*",

                        "cervidae-*", "elephantidae-*", "dinornithidae-*", "pantherinae-*", "caninae-*", "cervinae-*", "bovinae-*", "felinae-*", "rhinocerotidae-*", "machairodontinae-*", "vombatidae-*", "ursidae-*", "capreolinae-*",
                        "capercaillie-*","goldenpheasant-*","pheasant-*", "wildturkey-*", "bison-*", "cockatrice-*", "direwolf-*", "faunling-*", "foal-*", "giraffe", "hellboar-*", "horse-*", "ostrich-*",  "tame-*",
                        "chelonoidis-*",
                        ],
                        "stopRange": 20,
                        "animationSpeed": 1,
                        "stopOnHurt": true,
                        "whenNotInEmotionState": "aggressiveondamage|fleeondamage",
                        "soundRepeatMs": 5000
                    },
                    {
                        "code": "idle",
                        "animation": "Lie",
                        "priority": 1.18,
                        "minduration": 30000,
                        "maxduration": 240000,
                        "mincooldown": 6000,
                        "maxcooldown": 12000,
                        "priorityForCancel": 1.28,
                        "duringDayTimeFrames": [
                            {"fromHour": 4.5,"toHour": 6},
                            {"fromHour": 8.5,"toHour": 10},
                            {"fromHour": 12.5,"toHour": 16}
                        ],
                        "stopOnNearbyEntityCodes": ["player", "bear-*","chicken-*", "deer-*","drifter-*", "fox-*", "gazelle-*", "goat-*","hare-*","hyena-*", "moose-*", "pig-*", "raccoon-*", "sheep-*","tameddeer-*", "wolf-*",
                        "ceratopsidae-*", "spinosauridae-*","ankylosauria-*","macronaria-*","dromaeosauridae-*","hadrosauroidea-*","pachycephalosauria-*",

                        "cervidae-*", "elephantidae-*", "dinornithidae-*", "pantherinae-*", "caninae-*", "cervinae-*", "bovinae-*", "felinae-*", "rhinocerotidae-*", "machairodontinae-*", "vombatidae-*", "ursidae-*", "capreolinae-*",
                        "capercaillie-*","goldenpheasant-*","pheasant-*", "wildturkey-*", "bison-*", "cockatrice-*", "direwolf-*", "faunling-*", "foal-*", "giraffe", "hellboar-*", "horse-*", "ostrich-*",  "tame-*",
                        "chelonoidis-*",
                        ],
                        "stopRange": 10,
                        "animationSpeed": 1,
                        "stopOnHurt": true,
                        "whenNotInEmotionState": "aggressiveondamage|fleeondamage",
                        "soundRepeatMs": 5000
                    },
					{
                        "code": "idle",
                        "animation": "Sleep",
                        "priority": 1.15,
                        "minduration": 200000,
                        "maxduration": 800000,
                        "mincooldown": 1000,
                        "maxcooldown": 3000,
                        "priorityForCancel": 1.28,
                        "duringDayTimeFrames": [
                            {"fromHour": 5,"toHour": 6},
                            {"fromHour": 9,"toHour": 10},
                            {"fromHour": 12.75,"toHour": 16}
                        ],
                        "stopOnNearbyEntityCodes": ["player"],
                        "stopRange": 1,
                        "animationSpeed": 1,
                        "stopOnHurt": true,
                        "whenNotInEmotionState": "aggressiveondamage",
                        "soundRepeatMs": 2000
                    },
                    {
                        "code": "idle",
                        "animation": "Alert",
                        "priority": 1.00,
                        "priorityForCancel": 1.28,
                        "animationSpeed": 1,
                        "stopOnHurt": true,
                        "whenNotInEmotionState": "aggressiveondamage",
                    },
                    {
                        "code": "lookaround",
                        "animation": "look",
                        "priority": 0.5,
                        "animationSpeed": 0.75,
                        "whenNotInEmotionState": "aggressiveondamage|fleeondamage",
                    },
                    {
                        "code": "idle",
                        "animation": "Roar",
                        "priority": 1,
                        "priorityForCancel": 1.35,
                        "minduration": 4667,
                        "maxduration": 4667,
                        "chance": 0.01,
                        "preferredLightLevel": 0,
                        "mincooldown": 150000,
                        "maxcooldown": 500000,
                        "animationSpeed": 1,
                        "soundByType": {"*-adult-*":"creature/roar","*-baby-*":"creature/baby",},
                        "soundRangeByType": {"*-adult-*":120,"*-baby-*":40,},
                        "whenNotInEmotionState": "aggressiveondamage|fleeondamage"
                    },
                    {
                        "code": "getoutofwater",
                        "animation": "Swim",
                        "priority": 1.4,
                        "movespeed": 0.010,
                        "animationSpeed": 1
                    },
                    {
                        "code": "fleeentity",
                        "animation": "Run",
                        "enabledByType":{"*-adult-*":true,"*-baby-*":true,},
                        "entityCodes":["player", "bear-*","chicken-*", "deer-*","drifter-*", "fox-*", "gazelle-*", "goat-*","hare-*","hyena-*", "moose-*", "pig-*", "raccoon-*", "sheep-*","tameddeer-*", "wolf-*",

                        "ceratopsidae-*", "spinosauridae-*","ankylosauria-*","dromaeosauridae-*","hadrosauroidea-*", "tyrannosauridae-*","pachycephalosauria-*",

                        "cervidae-*", "elephantidae-*", "dinornithidae-*", "pantherinae-*", "caninae-*", "cervinae-*", "bovinae-*", "felinae-*", "rhinocerotidae-*", "machairodontinae-*", "vombatidae-*", "ursidae-*", "capreolinae-*",
                        "capercaillie-*","goldenpheasant-*","pheasant-*", "wildturkey-*", "bison-*", "cockatrice-*", "direwolf-*", "faunling-*", "foal-*", "geodecrab-*", "giraffe", "golem-*", "hellboar-*", "horse-*", "ostrich-*", "scorpion-*", "spider-*", "tame-*", "toad-*", "chelonoidis-*"
                        ],
                        "priorityByType": {"*-adult-*":1,"*-baby-*":1.8,},

                        "seekingRange": 20,
                        "movespeedByType": {
							"*-baby-*":0.035,
							"*-pycnonemosaurus-adult-*":0.07,
							"*-ekrixinatosaurus-adult-*":0.0714,
							"*-carnotaurus-adult-*":0.07,
							"*-chenanisaurus-adult-*":0.0726,
							"*-rajasaurus-adult-*":0.074,
							"*-abelisaurus-adult-*":0.0751,
							"*-majungasaurus-adult-*":0.0751,
							"*-skorpiovenator-adult-*":0.0765,
							"*-xenotarsosaurus-adult-*":0.0765,
							"*-rahiolisaurus-adult-*":0.077,
							"*-arcovenator-adult-*":0.0777,
							"*-rugops-adult-*":0.0777,
							"*-aucasaurus-adult-*":0.0782,
							"*-dahalokely-adult-*":0.0782,
							"*-ilokelesia-adult-*":0.0793,
							"*-viavenator-adult-*":0.0796,
							"*-tarascosaurus-adult-*":0.0817,
							"*-thanos-adult-*":0.0828,
						},
						"animationSpeedByType": {
							"*-baby-*":2.5,
							"*-adult-*":1.7,
						},
						"whenInEmotionState":"fleeondamage",

                    },
                    {
                        "code": "fleeentity",
                        "animation": "Run",
                        "enabledByType":{"*-adult-*":false,"*-baby-*":true,},
                        "entityCodes": ["player", "bear-*", "drifter-*", "hyena-*", "moose-*", "wolf-male", "wolf-female",

                        "tyrannosauridae-*",

                        "ceratopsidae-triceratops-adult-*", "ceratopsidae-pentaceratops-adult-*", "ceratopsidae-styracosaurus-adult-*", "ceratopsidae-centrosaurus-adult-*", "ceratopsidae-nasutoceratops-adult-*", "ceratopsidae-pachyrhinosaurus-adult-*",

                        "ankylosauria-ankylosaurus-adult-*","ankylosauria-tarchia-adult-*","ankylosauria-euoplocephalus-adult-*","ankylosauria-edmontonia-adult-*","ankylosauria-ankylosaurus-adult-*","ankylosauria-pinacosaurus-adult-*","ankylosauria-antarctopelta-adult-*","ankylosauria-struthiosaurus-adult-*",

                        "spinosauridae-spinosaurus-adult-*", "spinosauridae-oxalaia-adult-*", "spinosauridae-suchomimus-adult-*", "spinosauridae-baryonyx-adult-*", "spinosauridae-ichthyovenator-adult-*","spinosauridae-irritator-adult-*",

                        "macronaria-argentinosaurus-adult-*","macronaria-patagotitan-adult-*","macronaria-dreadnoughtus-adult-*","macronaria-futalognkosaurus-adult-*","macronaria-brachiosaurus-adult-*","macronaria-giraffatitan-adult-*","macronaria-diamantinasaurus-adult-*","macronaria-europatitan-adult-*","macronaria-antarctosaurus-adult-*","macronaria-ruyangosaurus-adult-*","macronaria-camarasaurus-adult-*","macronaria-bruhathkayosaurus-adult-*","macronaria-malawisaurus-adult-*","macronaria-rapetosaurus-adult-*","macronaria-ampelosaurus-adult-*",

                        "dromaeosauridae-utahraptor-adult-*","dromaeosauridae-dakotaraptor-adult-*","dromaeosauridae-achillobator-adult-*","dromaeosauridae-austroraptor-adult-*","dromaeosauridae-deinonychus-adult-*","dromaeosauridae-dromaeosaurus-adult-*","dromaeosauridae-adasaurus-adult-*","dromaeosauridae-velociraptor-adult-*","dromaeosauridae-saurornitholestes-adult-*","dromaeosauridae-atrociraptor-adult-*","dromaeosauridae-pyroraptor-adult-*","dromaeosauridae-buitreraptor-adult-*","dromaeosauridae-microraptor-adult-*","dromaeosauridae-rahonavis-adult-*",


                        "elephantidae-*", "cervidae-*","pantherinae-*", "caninae-*", "cervinae-*", "bovinae-*", "felinae-*", "rhinocerotidae-*", "machairodontinae-*", "ursidae-*",
                        "cockatrice-*", "direwolf-*", "golem-*", "hellboar-*",
                        ],
                        "priorityByType": {"*-adult-*":0,"*-baby-*":1.8,},
                        "seekingRange": 30,
                        "movespeedByType": {
							"*-baby-*":0.035,
							"*-pycnonemosaurus-adult-*":0.07,
							"*-ekrixinatosaurus-adult-*":0.0714,
							"*-carnotaurus-adult-*":0.07,
							"*-chenanisaurus-adult-*":0.0726,
							"*-rajasaurus-adult-*":0.074,
							"*-abelisaurus-adult-*":0.0751,
							"*-majungasaurus-adult-*":0.0751,
							"*-skorpiovenator-adult-*":0.0765,
							"*-xenotarsosaurus-adult-*":0.0765,
							"*-arcovenator-adult-*":0.0777,
							"*-aucasaurus-adult-*":0.0791,
							"*-ilokelesia-adult-*":0.0803,
							"*-viavenator-adult-*":0.0803,
							"*-tarascosaurus-adult-*":0.0856,
							"*-thanos-adult-*":0.0868,
						},
						"animationSpeedByType": {
							"*-baby-*":2.5,
							"*-adult-*":1.7,
						},

                    },
                    {
                        "code": "fleeentity",
                        "animation": "Run",
                        "enabledByType":{
							"*-pycnonemosaurus-adult-*":false,"*-ekrixinatosaurus-adult-*":false,"*-carnotaurus-adult-*":false,"*-chenanisaurus-adult-*":false,"*-rajasaurus-adult-*":false,"*-abelisaurus-adult-*":false,
							"*-adult-*":true,"*-baby-*":true,
                        },
                        "entityCodes": [
						"tyrannosauridae-tyrannosaurus-adult-*","tyrannosauridae-tarbosaurus-adult-*","tyrannosauridae-nanuqsaurus-adult-*","tyrannosauridae-albertosaurus-adult-*","tyrannosauridae-gorgosaurus-adult-*","tyrannosauridae-qianzhousaurus-adult-*","tyrannosauridae-alioramus-adult-*","tyrannosauridae-zhuchengtyrannus-adult-*","tyrannosauridae-bistahieversor-adult-*","tyrannosauridae-thanatotheristes-adult-*","tyrannosauridae-teratophoneus-adult-*","tyrannosauridae-dynamoterror-adult-*",

                        "ceratopsidae-triceratops-adult-*", "ceratopsidae-pentaceratops-adult-*", "ceratopsidae-styracosaurus-adult-*", "ceratopsidae-centrosaurus-adult-*", "ceratopsidae-nasutoceratops-adult-*", "ceratopsidae-pachyrhinosaurus-adult-*",
                        ],
                        "priorityByType": {"*-adult-*":1.8,"*-baby-*":1.8,},
                        "seekingRange": 40,
                        "movespeedByType": {
							"*-baby-*":0.035,
							"*-pycnonemosaurus-adult-*":0.07,
							"*-ekrixinatosaurus-adult-*":0.0714,
							"*-carnotaurus-adult-*":0.07,
							"*-chenanisaurus-adult-*":0.0726,
							"*-rajasaurus-adult-*":0.074,
							"*-abelisaurus-adult-*":0.0751,
							"*-majungasaurus-adult-*":0.0751,
							"*-skorpiovenator-adult-*":0.0765,
							"*-xenotarsosaurus-adult-*":0.0765,
							"*-arcovenator-adult-*":0.0777,
							"*-aucasaurus-adult-*":0.0791,
							"*-ilokelesia-adult-*":0.0803,
							"*-viavenator-adult-*":0.0803,
							"*-tarascosaurus-adult-*":0.0856,
							"*-thanos-adult-*":0.0868,
						},
						"animationSpeedByType": {
							"*-baby-*":2.5,
							"*-adult-*":1.7,
						},

                    },
                    {
                        "code": "fleeentity",
                        "animation": "Run",
                        "enabledByType":{
							"*-pycnonemosaurus-adult-*":true,"*-ekrixinatosaurus-adult-*":true,"*-carnotaurus-adult-*":true,"*-chenanisaurus-adult-*":true,"*-rajasaurus-adult-*":true,"*-abelisaurus-adult-*":true,
							"*-adult-*":false,"*-baby-*":false,
                        },
                        "entityCodes": [
						"tyrannosauridae-tyrannosaurus-adult-*", "tyrannosauridae-tarbosaurus-adult-*","tyrannosauridae-albertosaurus-adult-*","tyrannosauridae-gorgosaurus-adult-*","tyrannosauridae-qianzhousaurus-adult-*",
						"tyrannosauridae-zhuchengtyrannus-adult-*",

                        "ceratopsidae-triceratops-adult-*", "ceratopsidae-pentaceratops-adult-*", "ceratopsidae-styracosaurus-adult-*", "ceratopsidae-centrosaurus-adult-*", "ceratopsidae-nasutoceratops-adult-*", "ceratopsidae-pachyrhinosaurus-adult-*",
                        ],
                        "priorityByType": {"*-adult-*":1.8,"*-baby-*":1.8,},
                        "seekingRange": 25,
                        "movespeedByType": {
							"*-baby-*":0.035,
							"*-pycnonemosaurus-adult-*":0.07,
							"*-ekrixinatosaurus-adult-*":0.0714,
							"*-carnotaurus-adult-*":0.07,
							"*-chenanisaurus-adult-*":0.0726,
							"*-rajasaurus-adult-*":0.074,
							"*-abelisaurus-adult-*":0.0751,
							"*-majungasaurus-adult-*":0.0751,
							"*-skorpiovenator-adult-*":0.0765,
							"*-xenotarsosaurus-adult-*":0.0765,
							"*-arcovenator-adult-*":0.0777,
							"*-aucasaurus-adult-*":0.0791,
							"*-ilokelesia-adult-*":0.0803,
							"*-viavenator-adult-*":0.0803,
							"*-tarascosaurus-adult-*":0.0856,
							"*-thanos-adult-*":0.0868,
						},
						"animationSpeedByType": {
							"*-baby-*":2.5,
							"*-adult-*":1.7,
						},

                    },
					{
						"code": "seekfoodandeat",
                        "animation": "Walk",
						"eatAnimation": "Eat",
						"eatAnimationLooseItems": "Eat",
						"priority": 1.5,
						"eatSound": "game:creature/animal-eat1",
						"eatTime": 1.5,
						"minduration": 4000,
						"maxduration": 4000,
						"animation": "Eat",
						"movespeedByType": {
							"*-baby-*":0.008,
							"*-adult-*":0.03,
						},
						"animationSpeedByType": {
							"*-baby-*":2.5,
							"*-adult-*":1.7,
						},
						"mincooldownHours": 1,
						"maxcooldownHours": 4
					},
					{
						"code": "stayclosetoentity",
						"animation": "Run",
						"priority": 1.4,
						"entityCodeByType": {
							"*-baby-*": "abelisauridae-{type}-adult-female"},
						"movespeedByType": {"*-adult-*":0.05,"*-baby-*":0.035},
						"animationSpeedByType": {"*-adult-*":1.5,"*-baby-*":2.5},
						"maxDistance": 12,
						"searchRange": 30,

					},


{
						"code": "seekentity",
						"animation": "Run",
						"entityCodesByType": {"*":["lure-big"]},
						"priority": 2,
						"seekingRange": 100,
						"belowTempSeekingRange": 50,
						"movespeedByType": {
							"*-baby-*":0.035,
							"*-pycnonemosaurus-adult-*":0.07,
							"*-ekrixinatosaurus-adult-*":0.0714,
							"*-carnotaurus-adult-*":0.07,
							"*-chenanisaurus-adult-*":0.0726,
							"*-rajasaurus-adult-*":0.074,
							"*-abelisaurus-adult-*":0.0751,
							"*-majungasaurus-adult-*":0.0751,
							"*-skorpiovenator-adult-*":0.0765,
							"*-xenotarsosaurus-adult-*":0.0765,
							"*-arcovenator-adult-*":0.0777,
							"*-aucasaurus-adult-*":0.0791,
							"*-ilokelesia-adult-*":0.0803,
							"*-viavenator-adult-*":0.0803,
							"*-tarascosaurus-adult-*":0.0856,
							"*-thanos-adult-*":0.0868,
						},
						"animationSpeedByType": {
							"*-baby-*":2.5,
							"*-adult-*":1.7,
						},
						"soundByType": {"*-tyrannosaurus-adult-*":"creature/stomp","*-tarbosaurus-adult-*":"creature/stomp"},
						"leapAtTargetByType":{
							"*-baby-*":true,
							"*-adult-*":false,
                        },
						"leapAnimation":"Leap",
					},
					{
						"code": "seekentity",
						"animation": "Run",
						"entityCodesByType": {"*":["lure-small"]},
						"priority": 1.7,
						"seekingRange": 30,
						"belowTempSeekingRange": 15,
						"movespeedByType": {
							"*-baby-*":0.035,
							"*-pycnonemosaurus-adult-*":0.07,
							"*-ekrixinatosaurus-adult-*":0.0714,
							"*-carnotaurus-adult-*":0.07,
							"*-chenanisaurus-adult-*":0.0726,
							"*-rajasaurus-adult-*":0.074,
							"*-abelisaurus-adult-*":0.0751,
							"*-majungasaurus-adult-*":0.0751,
							"*-skorpiovenator-adult-*":0.0765,
							"*-xenotarsosaurus-adult-*":0.0765,
							"*-arcovenator-adult-*":0.0777,
							"*-aucasaurus-adult-*":0.0791,
							"*-ilokelesia-adult-*":0.0803,
							"*-viavenator-adult-*":0.0803,
							"*-tarascosaurus-adult-*":0.0856,
							"*-thanos-adult-*":0.0868,
						},
						"animationSpeedByType": {
							"*-baby-*":2.5,
							"*-adult-*":1.7,"movespeedByType": {
							"*-baby-*":0.035,
							"*-tyrannosaurus-adult-*":0.065,
							"*-tarbosaurus-adult-*": 0.07,
							"*-nanuqsaurus-adult-*": 0.085,
							"*-albertosaurus-adult-*": 0.075,
							"*-gorgosaurus-adult-*": 0.08,
							"*-alioramus-adult-*": 0.09,
							"*-qianzhousaurus-adult-*": 0.08,
						},
						"animationSpeedByType": {
							"*-baby-*":2.5,
							"*-tyrannosaurus-adult-*":1.7,
							"*-tarbosaurus-adult-*": 1.8,
							"*-nanuqsaurus-adult-*": 1.95,
							"*-albertosaurus-adult-*": 1.9,
							"*-gorgosaurus-adult-*": 1.85,
							"*-alioramus-adult-*": 2,
							"*-qianzhousaurus-adult-*": 1.85,
						},
						},
						"soundByType": {"*-tyrannosaurus-adult-*":"creature/stomp","*-tarbosaurus-adult-*":"creature/stomp"},
						"leapAtTargetByType":{
							"*-baby-*":true,
							"*-adult-*":false,
                        },
						"leapAnimation":"Leap",
					},

					{
						"code": "stayclosetoentity",
						"animation": "Run",
						"priority": 2,
						"entityCodeByType": {
							"*-adult-*": "hitch"
							},
						"movespeedByType": {
							"*-baby-*":0.035,
							"*-pycnonemosaurus-adult-*":0.07,
							"*-ekrixinatosaurus-adult-*":0.0714,
							"*-carnotaurus-adult-*":0.07,
							"*-chenanisaurus-adult-*":0.0726,
							"*-rajasaurus-adult-*":0.074,
							"*-abelisaurus-adult-*":0.0751,
							"*-majungasaurus-adult-*":0.0751,
							"*-skorpiovenator-adult-*":0.0765,
							"*-xenotarsosaurus-adult-*":0.0765,
							"*-arcovenator-adult-*":0.0777,
							"*-aucasaurus-adult-*":0.0791,
							"*-ilokelesia-adult-*":0.0803,
							"*-viavenator-adult-*":0.0803,
							"*-tarascosaurus-adult-*":0.0856,
							"*-thanos-adult-*":0.0868,
						},
						"animationSpeedByType": {
							"*-baby-*":2.5,
							"*-adult-*":1.7,
						},
						"maxDistance": 6,
						"searchRange": 10,

					},
					{
						"code": "seekentity",
						"animation": "Run",
						"entityCodesByType": {"*-adult-*":["hitch"],},
						"priority": 1.85,
						"seekingRange": 10,
						"belowTempSeekingRange": 10,
						"movespeedByType": {
							"*-baby-*":0.035,
							"*-pycnonemosaurus-adult-*":0.07,
							"*-ekrixinatosaurus-adult-*":0.0714,
							"*-carnotaurus-adult-*":0.07,
							"*-chenanisaurus-adult-*":0.0726,
							"*-rajasaurus-adult-*":0.074,
							"*-abelisaurus-adult-*":0.0751,
							"*-majungasaurus-adult-*":0.0751,
							"*-skorpiovenator-adult-*":0.0765,
							"*-xenotarsosaurus-adult-*":0.0765,
							"*-arcovenator-adult-*":0.0777,
							"*-aucasaurus-adult-*":0.0791,
							"*-ilokelesia-adult-*":0.0803,
							"*-viavenator-adult-*":0.0803,
							"*-tarascosaurus-adult-*":0.0856,
							"*-thanos-adult-*":0.0868,
						},
						"animationSpeedByType": {
							"*-baby-*":2.5,
							"*-adult-*":1.7,
						},
					},

				]
            },

			{"code": "pettable","minGeneration": 4},
			{"code": "ropetieable","minGeneration": 7},

        ],
	"spawnconditions": {
		"worldgen": {
			"chanceByType": {"*-baby-*": 0.0,},
			"maxQuantityByGroup": { "code": "abelisauridae-*", "maxQuantity": 1 },
			"triesPerChunk": { "avg": 0.001, "var": 0},
			"tryOnlySurface": true,
			"insideBlockCodes": ["game:air","game:tallgrass-*","game:gravel-*","game:sand-*","game:snowlayer-1","game:soil-*"],
			"groupSizeByType": {
				"*-adult-male":{ "dist": "uniform","avg": 4,"var": 3},
				"*-adult-female":{ "dist": "uniform","avg": 4,"var": 3},
				"*":{ "dist": "uniform","avg": 0,"var": 0},
			},
			"companionsByType":{
				"*-adult-male":["abelisauridae:abelisauridae-{type}-adult-male"],
				"*-adult-female":["abelisauridae:abelisauridae-{type}-adult-male", "abelisauridae:abelisauridae-{type}-baby-female","abelisauridae:abelisauridae-{type}-baby-male","abelisauridae:abelisauridae-{type}-baby-female","abelisauridae:abelisauridae-{type}-baby-male"],
			},

		},
		"runtime": {
			"group": "hostile",
			"MinDistanceToPlayer": 100,
			"tryOnlySurface": true,
			"chanceByType": {"*-adult-*": 0.00001,"*":0.00,},
			"maxQuantityByGroup": { "code": "abelisauridae-*", "maxQuantity": 1 },
			"triesPerChunk": { "avg": 0.0, "var": 0},
			"maxLightLevel": 7,
			"lightLevelType": "onlyBlockLight",
			"spawnCapPlayerScaling": 0.0,
			"insideBlockCodes": ["game:air","game:tallgrass-*","game:gravel-*","game:sand-*","game:snowlayer-1","game:soil-*"],
			"groupSizeByType": {
				"*-adult-male":{ "dist": "uniform","avg": 4,"var": 3},
				"*-adult-female":{ "dist": "uniform","avg": 4,"var": 3},
				"*":{ "dist": "uniform","avg": 0,"var": 0},
			},
			"companionsByType":{
				"*-adult-male":["abelisauridae:abelisauridae-{type}-adult-male"],
				"*-adult-female":["abelisauridae:abelisauridae-{type}-adult-male", "abelisauridae:abelisauridae-{type}-baby-female","abelisauridae:abelisauridae-{type}-baby-male","abelisauridae:abelisauridae-{type}-baby-female","abelisauridae:abelisauridae-{type}-baby-male"],
			},
		}
	},
    "spawnconditionsByType": {
			"*-pycnonemosaurus-adult-*": {
				"climate": {
					"minTemp": 17,
					"maxTemp": 34,
					"minRain": 0.2,
					"maxRain": 0.7,
					"minForestOrShrubs": 0.4,
					"maxForest": 0.6,
					"maxShrubs": 0.6,
					"minY": 0.9,
					"maxY": 1.2
				},
			},
			"*-ekrixinatosaurus-adult-*": {
						"climate": {
							"minTemp": 15,
							"maxTemp": 32,
							"minRain": 0.1,
							"maxRain": 0.8,
							"minForestOrShrubs": 0.1,
							"maxForest": 0.5,
							"maxShrubs": 0.5,
							"minY": 0.9,
							"maxY": 1.1
				},
			},
			"*-carnotaurus-adult-*": {
						"climate": {
							"minTemp": 19,
							"maxTemp": 36,
							"minRain": 0.3,
							"maxRain": 1,
							"minForestOrShrubs": 0.3,
							"maxForest": 0.7,
							"maxShrubs": 0.7,
							"minY": 0.9,
							"maxY": 1.3
						},
					},
			"*-chenanisaurus-adult-*": {
						"climate": {
							"minTemp": 17,
							"maxTemp": 35,
							"minRain": 0.2,
							"maxRain": 0.9,
							"minForestOrShrubs": 0.2,
							"maxForest": 0.6,
							"maxShrubs": 0.6,
							"minY": 0.9,
							"maxY": 1.2
						},
					},
			"*-rajasaurus-adult-*": {
						"climate": {
							"minTemp": 21,
							"maxTemp": 38,
							"minRain": 0.4,
							"maxRain": 1,
							"minForestOrShrubs": 0.4,
							"maxForest": 0.7,
							"maxShrubs": 0.7,
							"minY": 0.9,
							"maxY": 1.2
						},
					},
			"*-abelisaurus-adult-*": {
						"climate": {
							"minTemp": 17,
							"maxTemp": 34,
							"minRain": 0.2,
							"maxRain": 0.9,
							"minForestOrShrubs": 0.2,
							"maxForest": 0.6,
							"maxShrubs": 0.6,
							"minY": 0.9,
							"maxY": 1.2
						},
					},
			"*-majungasaurus-adult-*": {
						"climate": {
							"minTemp": 19,
							"maxTemp": 36,
							"minRain": 0.3,
							"maxRain": 1,
							"minForestOrShrubs": 0.3,
							"maxForest": 0.7,
							"maxShrubs": 0.7,
							"minY": 0.9,
							"maxY": 1.1
						},
					},
			"*-skorpiovenator-adult-*": {
						"climate": {
							"minTemp": 17,
							"maxTemp": 34,
							"minRain": 0.2,
							"maxRain": 0.9,
							"minForestOrShrubs": 0.2,
							"maxForest": 0.6,
							"maxShrubs": 0.6,
							"minY": 0.9,
							"maxY": 1.2
						},
					},
			"*-xenotarsosaurus-adult-*": {
						"climate": {
							"minTemp": 15,
							"maxTemp": 32,
							"minRain": 0.1,
							"maxRain": 0.8,
							"minForestOrShrubs": 0.1,
							"maxForest": 0.5,
							"maxShrubs": 0.5,
							"minY": 0.9,
							"maxY": 1.1
						},
					},
			"*-rahiolisaurus-adult-*": {
						"climate": {
							"minTemp": 21,
							"maxTemp": 38,
							"minRain": 0.3,
							"maxRain": 1,
							"minForestOrShrubs": 0.4,
							"maxForest": 0.7,
							"maxShrubs": 0.7,
							"minY": 0.9,
							"maxY": 1.3
						},
					},
			"*-arcovenator-adult-*": {
						"climate": {
							"minTemp": 15,
							"maxTemp": 32,
							"minRain": 0.1,
							"maxRain": 0.8,
							"minForestOrShrubs": 0.1,
							"maxForest": 0.5,
							"maxShrubs": 0.5,
							"minY": 0.9,
							"maxY": 1.1
						},
					},
			"*-rugops-adult-*": {
						"climate": {
							"minTemp": 19,
							"maxTemp": 36,
							"minRain": 0.3,
							"maxRain": 1,
							"minForestOrShrubs": 0.3,
							"maxForest": 0.7,
							"maxShrubs": 0.7,
							"minY": 0.9,
							"maxY": 1.1
						},
					},
			"*-aucasaurus-adult-*": {
						"climate": {
							"minTemp": 16,
							"maxTemp": 33,
							"minRain": 0.2,
							"maxRain": 0.9,
							"minForestOrShrubs": 0.2,
							"maxForest": 0.6,
							"maxShrubs": 0.6,
							"minY": 0.9,
							"maxY": 1.2
						},
					},
			"*-dahalokely-adult-*": {
						"climate": {
							"minTemp": 17,
							"maxTemp": 34,
							"minRain": 0.2,
							"maxRain": 0.9,
							"minForestOrShrubs": 0.2,
							"maxForest": 0.6,
							"maxShrubs": 0.6,
							"minY": 0.9,
							"maxY": 1.2
						},
					},
			"*-ilokelesia-adult-*": {
						"climate": {
							"minTemp": 15,
							"maxTemp": 32,
							"minRain": 0.1,
							"maxRain": 0.8,
							"minForestOrShrubs": 0.1,
							"maxForest": 0.5,
							"maxShrubs": 0.5,
							"minY": 0.9,
							"maxY": 1.1
						},
					},
			"*-viavenator-adult-*": {
						"climate": {
							"minTemp": 17,
							"maxTemp": 34,
							"minRain": 0.2,
							"maxRain": 0.9,
							"minForestOrShrubs": 0.2,
							"maxForest": 0.6,
							"maxShrubs": 0.6,
							"minY": 0.9,
							"maxY": 1.2
						},
					},
			"*-tarascosaurus-adult-*": {
						"climate": {
							"minTemp": 15,
							"maxTemp": 32,
							"minRain": 0.2,
							"maxRain": 0.8,
							"minForestOrShrubs": 0.3,
							"maxForest": 0.5,
							"maxShrubs": 0.5,
							"minY": 0.9,
							"maxY": 1.1
						},
					},
			"*-thanos-adult-*": {
						"climate": {
							"minTemp": 19,
							"maxTemp": 36,
							"minRain": 0.3,
							"maxRain": 1,
							"minForestOrShrubs": 0.5,
							"maxForest": 0.7,
							"maxShrubs": 0.7,
							"minY": 0.9,
							"maxY": 1.2
						},
					},
			"*": {
						"climate": {
							"minTemp": 40,
							"maxTemp": 40,
							"minRain": 0,
							"maxRain": 0,
							"minForestOrShrubs": 0,
							"maxForest": 0,
							"maxShrubs": 0,
							"minY": 0,
							"maxY": 0
						},
						"worldgen": {
							"triesPerChunk": { "avg": 0.0, "var": 0}
						},
						"runtime": {
							"maxQuantityByGroup": { "code": "abelisauridae-*", "maxQuantity": 0 },
							"chanceByType": {"*-baby-*": 0.0},
						}
					},

		}
    },
    "soundsByType": {
		"*-adult-*":{
			"hurt": "creature/hurt",
			"death": "creature/roar",
			"idle": "creature/idle"
		},
		"*-baby-*":{
			"hurt": "creature/baby",
			"death": "creature/baby",
			"idle": "creature/baby"
		},
		"idleSoundChance": 0.01
	}
}
