[
	{
		ingredientPattern: "LNL,P_P,SMH",
		ingredients: {
			"S": { type: "item", code: "game:saw-*", isTool: true  },
			"H": { type: "item", code: "game:hammer-*", isTool: true  },
			"P": { type: "item", code: "game:plank-*", name: "wood" },
			"M": { type: "item", code: "game:metalplate-*", name: "*" ,allowedVariants: ["bismuthbronze", "blackbronze","tinbronze"]},
			"L": { type: "item", code: "game:leather-normal-*", name: "leather", quantity:2},
			"N": { type: "item", code: "game:metalnailsandstrips-*", name: "nail", quantity:3,allowedVariants: ["bismuthbronze", "blackbronze","tinbronze"]},
		},
		name: "tyrannosaddle",
		width: 3,
		height: 3,
		output: { type: "item", code: "abelisauridae:abeliwearable-saddle", "quantity": 1 }
	},
	{
		ingredientPattern: "_NL,S_H,MMM",
		ingredients: {
			"S": { type: "item", code: "game:saw-*", isTool: true  },
			"H": { type: "item", code: "game:hammer-*", isTool: true  },
			"P": { type: "item", code: "game:plank-*", name: "wood" },
			"M": { type: "item", code: "game:metalplate-*", name: "*" ,allowedVariants: ["bismuthbronze", "blackbronze","tinbronze"]},
			"L": { type: "item", code: "game:leather-normal-*", name: "leather", quantity:2},
			"N": { type: "item", code: "game:metalnailsandstrips-*", name: "nail", quantity:1,allowedVariants: ["bismuthbronze", "blackbronze","tinbronze"]},
		},
		name: "tyrannobridle",
		width: 3,
		height: 3,
		output: { type: "item", code: "abelisauridae:abeliwearable-bridle1", "quantity": 1 }
	},
	{
		ingredientPattern: "LN_,S_H,MMM",
		ingredients: {
			"S": { type: "item", code: "game:saw-*", isTool: true  },
			"H": { type: "item", code: "game:hammer-*", isTool: true  },
			"P": { type: "item", code: "game:plank-*", name: "wood" },
			"M": { type: "item", code: "game:metalplate-*", name: "*" ,allowedVariants: ["bismuthbronze", "blackbronze","tinbronze"]},
			"L": { type: "item", code: "game:leather-normal-*", name: "leather", quantity:2},
			"N": { type: "item", code: "game:metalnailsandstrips-*", name: "nail", quantity:2,allowedVariants: ["bismuthbronze", "blackbronze","tinbronze"]},
		},
		name: "tyrannobridle",
		width: 3,
		height: 3,
		output: { type: "item", code: "abelisauridae:abeliwearable-bridle2", "quantity": 1 }
	},
]
