{
	"editor": {
		"allAngles": true,
		"singleTexture": true
	},
	"textureWidth": 16,
	"textureHeight": 16,
	"textures": {
		"bonesrotten": "block/creature/bonesrotten"
	},
	"elements": [
		{
			"name": "spine1",
			"from": [ -5.0, 0.0, 8.0 ], 
			"to": [ 10.0, 1.0, 9.0 ], 
			"rotationOrigin": [ 3.0, 0.0, 8.0 ],
			"rotationY": -28.0,
			"faces": {
				"north": { "texture": "#bonesrotten", "uv": [ 0.0, 14.0, 15.0, 15.0 ] },
				"east": { "texture": "#bonesrotten", "uv": [ 15.0, 14.0, 16.0, 15.0 ] },
				"south": { "texture": "#bonesrotten", "uv": [ 0.0, 9.0, 15.0, 10.0 ] },
				"west": { "texture": "#bonesrotten", "uv": [ 10.5, 9.0, 11.5, 10.0 ] },
				"up": { "texture": "#bonesrotten", "uv": [ 0.0, 13.0, 15.0, 14.0 ] },
				"down": { "texture": "#bonesrotten", "uv": [ 0.0, 8.5, 15.0, 9.5 ] }
			},
			"children": [
				{
					"name": "Cube3",
					"from": [ 5.0, 0.0, -3.5 ], 
					"to": [ 5.8, 0.8, 4.5 ], 
					"rotationOrigin": [ 5.0, 0.0, 0.5 ],
					"rotationY": 3.0,
					"faces": {
						"north": { "texture": "#bonesrotten", "uv": [ 0.0, 8.0, 0.5, 8.5 ] },
						"east": { "texture": "#bonesrotten", "uv": [ 0.5, 8.0, 8.5, 8.5 ] },
						"south": { "texture": "#bonesrotten", "uv": [ 8.5, 8.0, 9.0, 8.5 ] },
						"west": { "texture": "#bonesrotten", "uv": [ 3.5, 7.0, 11.5, 7.5 ] },
						"up": { "texture": "#bonesrotten", "uv": [ 3.0, 3.0, 3.5, 11.0 ] },
						"down": { "texture": "#bonesrotten", "uv": [ 3.5, 2.0, 4.0, 10.0 ] }
					},
					"children": [
						{
							"name": "Cube15",
							"from": [ 0.2, 0.0, -2.4 ], 
							"to": [ 1.0, 0.8, 0.6 ], 
							"rotationOrigin": [ 0.0, 0.0, 0.2 ],
							"rotationX": 36.0,
							"faces": {
								"north": { "texture": "#bonesrotten", "uv": [ 0.0, 3.0, 0.5, 3.5 ] },
								"east": { "texture": "#bonesrotten", "uv": [ 0.5, 3.0, 3.5, 3.5 ] },
								"south": { "texture": "#bonesrotten", "uv": [ 3.5, 3.0, 4.0, 3.5 ] },
								"west": { "texture": "#bonesrotten", "uv": [ 4.0, 3.0, 7.0, 3.5 ] },
								"up": { "texture": "#bonesrotten", "uv": [ 1.5, 3.0, 2.0, 6.0 ] },
								"down": { "texture": "#bonesrotten", "uv": [ 4.0, 2.5, 4.5, 5.5 ] }
							}
						},
						{
							"name": "Cube16",
							"from": [ 0.2, 0.0, 7.6 ], 
							"to": [ 1.0, 0.8, 10.6 ], 
							"rotationOrigin": [ 0.0, 0.0, 7.7 ],
							"rotationX": -36.0,
							"faces": {
								"north": { "texture": "#bonesrotten", "uv": [ 0.0, 3.0, 0.5, 3.5 ] },
								"east": { "texture": "#bonesrotten", "uv": [ 0.5, 3.0, 3.5, 3.5 ] },
								"south": { "texture": "#bonesrotten", "uv": [ 3.5, 3.0, 4.0, 3.5 ] },
								"west": { "texture": "#bonesrotten", "uv": [ 4.0, 3.0, 7.0, 3.5 ] },
								"up": { "texture": "#bonesrotten", "uv": [ 0.0, 0.0, 0.5, 3.0 ] },
								"down": { "texture": "#bonesrotten", "uv": [ 3.0, 1.5, 3.5, 4.5 ] }
							}
						}
					]
				},
				{
					"name": "shoulderL",
					"from": [ -3.0, 0.0, 0.9 ], 
					"to": [ 2.0, 0.7, 4.9 ], 
					"rotationOrigin": [ -3.0, 0.0, 0.9 ],
					"rotationX": -5.0,
					"rotationY": -10.0,
					"faces": {
						"north": { "texture": "#bonesrotten", "uv": [ 0.0, 4.0, 5.0, 4.5 ] },
						"east": { "texture": "#bonesrotten", "uv": [ 5.0, 4.0, 9.0, 4.5 ] },
						"south": { "texture": "#bonesrotten", "uv": [ 9.0, 4.0, 14.0, 4.5 ] },
						"west": { "texture": "#bonesrotten", "uv": [ 7.5, 9.5, 11.5, 10.0 ] },
						"up": { "texture": "#bonesrotten", "uv": [ 0.0, 0.0, 5.0, 4.0 ] },
						"down": { "texture": "#bonesrotten", "uv": [ 5.0, 5.0, 10.0, 9.0 ] }
					},
					"children": [
						{
							"name": "Cube7",
							"from": [ 0.0, 0.0, 4.0 ], 
							"to": [ 4.0, 0.7, 6.0 ], 
							"rotationOrigin": [ 0.0, 0.0, 4.0 ],
							"rotationX": -36.0,
							"faces": {
								"north": { "texture": "#bonesrotten", "uv": [ 0.0, 2.0, 4.0, 2.5 ] },
								"east": { "texture": "#bonesrotten", "uv": [ 4.0, 2.0, 6.0, 2.5 ] },
								"south": { "texture": "#bonesrotten", "uv": [ 6.0, 2.0, 10.0, 2.5 ] },
								"west": { "texture": "#bonesrotten", "uv": [ 10.0, 2.0, 12.0, 2.5 ] },
								"up": { "texture": "#bonesrotten", "uv": [ 0.0, 0.0, 4.0, 2.0 ] },
								"down": { "texture": "#bonesrotten", "uv": [ 4.0, 0.0, 8.0, 2.0 ] }
							}
						},
						{
							"name": "Cube14",
							"from": [ 7.0, -0.7, 5.0 ], 
							"to": [ 15.0, 0.5, 6.2 ], 
							"rotationOrigin": [ 11.0, -0.7, 5.0 ],
							"rotationX": 5.0,
							"rotationY": -30.0,
							"faces": {
								"north": { "texture": "#bonesrotten", "uv": [ 0.0, 1.0, 8.0, 2.0 ] },
								"east": { "texture": "#bonesrotten", "uv": [ 8.0, 1.0, 9.0, 2.0 ] },
								"south": { "texture": "#bonesrotten", "uv": [ 1.5, 5.5, 9.5, 6.5 ] },
								"west": { "texture": "#bonesrotten", "uv": [ 10.5, 6.5, 11.5, 7.5 ] },
								"up": { "texture": "#bonesrotten", "uv": [ 0.0, 0.0, 8.0, 1.0 ] },
								"down": { "texture": "#bonesrotten", "uv": [ 8.0, 0.0, 16.0, 1.0 ] }
							}
						}
					]
				},
				{
					"name": "shoulderR",
					"from": [ -2.0, 0.0, -6.9 ], 
					"to": [ 3.0, 0.7, -2.9 ], 
					"rotationOrigin": [ -2.0, 0.0, -2.9 ],
					"rotationY": -26.0,
					"faces": {
						"north": { "texture": "#bonesrotten", "uv": [ 0.0, 4.0, 5.0, 4.5 ] },
						"east": { "texture": "#bonesrotten", "uv": [ 5.0, 4.0, 9.0, 4.5 ] },
						"south": { "texture": "#bonesrotten", "uv": [ 9.0, 4.0, 14.0, 4.5 ] },
						"west": { "texture": "#bonesrotten", "uv": [ 7.5, 7.0, 11.5, 7.5 ] },
						"up": { "texture": "#bonesrotten", "uv": [ 3.0, 2.5, 8.0, 6.5 ] },
						"down": { "texture": "#bonesrotten", "uv": [ 5.0, 0.0, 10.0, 4.0 ] }
					},
					"children": [
						{
							"name": "Cube6",
							"from": [ 0.0, 0.0, -2.0 ], 
							"to": [ 4.0, 0.7, 0.0 ], 
							"rotationOrigin": [ 0.0, 0.0, 0.0 ],
							"rotationX": 36.0,
							"faces": {
								"north": { "texture": "#bonesrotten", "uv": [ 0.0, 2.0, 4.0, 2.5 ] },
								"east": { "texture": "#bonesrotten", "uv": [ 4.0, 2.0, 6.0, 2.5 ] },
								"south": { "texture": "#bonesrotten", "uv": [ 6.0, 2.0, 10.0, 2.5 ] },
								"west": { "texture": "#bonesrotten", "uv": [ 10.0, 2.0, 12.0, 2.5 ] },
								"up": { "texture": "#bonesrotten", "uv": [ 0.0, 0.0, 4.0, 2.0 ] },
								"down": { "texture": "#bonesrotten", "uv": [ 4.0, 0.0, 8.0, 2.0 ] }
							}
						}
					]
				},
				{
					"name": "Cube8",
					"from": [ 7.2, 0.0, -4.5 ], 
					"to": [ 8.0, 0.8, 5.5 ], 
					"rotationOrigin": [ 7.2, 0.0, -4.5 ],
					"faces": {
						"north": { "texture": "#bonesrotten", "uv": [ 0.0, 10.0, 0.5, 10.5 ] },
						"east": { "texture": "#bonesrotten", "uv": [ 0.5, 10.0, 10.5, 10.5 ] },
						"south": { "texture": "#bonesrotten", "uv": [ 10.5, 10.0, 11.0, 10.5 ] },
						"west": { "texture": "#bonesrotten", "uv": [ 1.5, 10.0, 11.5, 10.5 ] },
						"up": { "texture": "#bonesrotten", "uv": [ 3.5, 2.5, 4.0, 12.5 ] },
						"down": { "texture": "#bonesrotten", "uv": [ 5.5, 2.0, 6.0, 12.0 ] }
					},
					"children": [
						{
							"name": "Cube17",
							"from": [ 0.2, 0.0, -3.9 ], 
							"to": [ 1.0, 0.8, 0.1 ], 
							"rotationOrigin": [ 0.2, 0.0, 0.1 ],
							"rotationX": 36.0,
							"faces": {
								"north": { "texture": "#bonesrotten", "uv": [ 0.0, 4.0, 0.5, 4.5 ] },
								"east": { "texture": "#bonesrotten", "uv": [ 0.5, 4.0, 4.5, 4.5 ] },
								"south": { "texture": "#bonesrotten", "uv": [ 4.5, 4.0, 5.0, 4.5 ] },
								"west": { "texture": "#bonesrotten", "uv": [ 5.0, 4.0, 9.0, 4.5 ] },
								"up": { "texture": "#bonesrotten", "uv": [ 0.0, 0.0, 0.5, 4.0 ] },
								"down": { "texture": "#bonesrotten", "uv": [ 0.5, 0.0, 1.0, 4.0 ] }
							},
							"children": [
								{
									"name": "Cube19",
									"from": [ 0.2, 0.0, 0.0 ], 
									"to": [ 1.0, 4.0, 0.8 ], 
									"rotationOrigin": [ 0.0, 0.0, 0.0 ],
									"rotationX": -6.0,
									"faces": {
										"north": { "texture": "#bonesrotten", "uv": [ 0.0, 0.5, 0.5, 4.5 ] },
										"east": { "texture": "#bonesrotten", "uv": [ 0.5, 0.5, 1.0, 4.5 ] },
										"south": { "texture": "#bonesrotten", "uv": [ 1.0, 0.5, 1.5, 4.5 ] },
										"west": { "texture": "#bonesrotten", "uv": [ 1.5, 0.5, 2.0, 4.5 ] },
										"up": { "texture": "#bonesrotten", "uv": [ 0.0, 0.0, 0.5, 0.5 ] },
										"down": { "texture": "#bonesrotten", "uv": [ 0.5, 0.0, 1.0, 0.5 ] }
									}
								}
							]
						},
						{
							"name": "Cube18",
							"from": [ 0.4, 0.0, 9.7 ], 
							"to": [ 1.2, 0.8, 12.7 ], 
							"rotationOrigin": [ 0.4, 0.0, 9.7 ],
							"rotationX": -36.0,
							"faces": {
								"north": { "texture": "#bonesrotten", "uv": [ 0.0, 3.0, 0.5, 3.5 ] },
								"east": { "texture": "#bonesrotten", "uv": [ 0.5, 3.0, 3.5, 3.5 ] },
								"south": { "texture": "#bonesrotten", "uv": [ 3.5, 3.0, 4.0, 3.5 ] },
								"west": { "texture": "#bonesrotten", "uv": [ 4.0, 3.0, 7.0, 3.5 ] },
								"up": { "texture": "#bonesrotten", "uv": [ 0.0, 0.0, 0.5, 3.0 ] },
								"down": { "texture": "#bonesrotten", "uv": [ 0.5, 0.0, 1.0, 3.0 ] }
							}
						}
					]
				},
				{
					"name": "Cube9",
					"from": [ 9.2, 0.0, -4.5 ], 
					"to": [ 10.0, 0.8, 5.5 ], 
					"rotationOrigin": [ 9.2, 0.0, -4.5 ],
					"rotationY": -4.0,
					"rotationZ": -3.0,
					"faces": {
						"north": { "texture": "#bonesrotten", "uv": [ 0.0, 10.0, 0.5, 10.5 ] },
						"east": { "texture": "#bonesrotten", "uv": [ 1.5, 10.5, 11.5, 11.0 ] },
						"south": { "texture": "#bonesrotten", "uv": [ 10.5, 10.0, 11.0, 10.5 ] },
						"west": { "texture": "#bonesrotten", "uv": [ 2.5, 6.5, 12.5, 7.0 ] },
						"up": { "texture": "#bonesrotten", "uv": [ 0.0, 0.0, 0.5, 10.0 ] },
						"down": { "texture": "#bonesrotten", "uv": [ 0.5, 0.0, 1.0, 10.0 ] }
					},
					"children": [
						{
							"name": "Cube20",
							"from": [ 0.2, 0.0, 10.1 ], 
							"to": [ 1.0, 0.8, 14.9 ], 
							"rotationOrigin": [ 0.2, 0.0, 10.1 ],
							"rotationX": -36.0,
							"faces": {
								"north": { "texture": "#bonesrotten", "uv": [ 0.0, 4.5, 0.5, 5.0 ] },
								"east": { "texture": "#bonesrotten", "uv": [ 0.5, 4.5, 5.0, 5.0 ] },
								"south": { "texture": "#bonesrotten", "uv": [ 5.0, 4.5, 5.5, 5.0 ] },
								"west": { "texture": "#bonesrotten", "uv": [ 5.5, 4.5, 10.0, 5.0 ] },
								"up": { "texture": "#bonesrotten", "uv": [ 0.0, 0.0, 0.5, 4.5 ] },
								"down": { "texture": "#bonesrotten", "uv": [ 1.5, 3.0, 2.0, 7.5 ] }
							}
						},
						{
							"name": "Cube21",
							"from": [ 0.2, 0.0, 0.4 ], 
							"to": [ 1.0, 0.8, 5.2 ], 
							"rotationOrigin": [ 0.2, 0.0, 0.4 ],
							"rotationX": -108.0,
							"faces": {
								"north": { "texture": "#bonesrotten", "uv": [ 0.0, 4.5, 0.5, 5.0 ] },
								"east": { "texture": "#bonesrotten", "uv": [ 0.5, 4.5, 5.0, 5.0 ] },
								"south": { "texture": "#bonesrotten", "uv": [ 5.0, 4.5, 5.5, 5.0 ] },
								"west": { "texture": "#bonesrotten", "uv": [ 5.5, 4.5, 10.0, 5.0 ] },
								"up": { "texture": "#bonesrotten", "uv": [ 0.0, 0.0, 0.5, 4.5 ] },
								"down": { "texture": "#bonesrotten", "uv": [ 0.5, 0.0, 1.0, 4.5 ] }
							}
						}
					]
				},
				{
					"name": "Cube10",
					"from": [ 13.0, 0.0, -3.5 ], 
					"to": [ 13.8, 0.8, 5.5 ], 
					"rotationOrigin": [ 13.0, 0.0, 0.5 ],
					"rotationY": 11.0,
					"faces": {
						"north": { "texture": "#bonesrotten", "uv": [ 0.0, 9.0, 0.5, 9.5 ] },
						"east": { "texture": "#bonesrotten", "uv": [ 0.5, 9.0, 9.5, 9.5 ] },
						"south": { "texture": "#bonesrotten", "uv": [ 9.5, 9.0, 10.0, 9.5 ] },
						"west": { "texture": "#bonesrotten", "uv": [ 2.5, 7.5, 11.5, 8.0 ] },
						"up": { "texture": "#bonesrotten", "uv": [ 0.0, 0.0, 0.5, 9.0 ] },
						"down": { "texture": "#bonesrotten", "uv": [ 4.5, 1.5, 5.0, 10.5 ] }
					},
					"children": [
						{
							"name": "Cube25",
							"from": [ 0.3, 0.0, 8.8 ], 
							"to": [ 1.1, 0.8, 12.8 ], 
							"rotationOrigin": [ 0.0, 0.0, 8.8 ],
							"rotationX": -55.0,
							"faces": {
								"north": { "texture": "#bonesrotten", "uv": [ 0.0, 4.0, 0.5, 4.5 ] },
								"east": { "texture": "#bonesrotten", "uv": [ 0.5, 4.0, 4.5, 4.5 ] },
								"south": { "texture": "#bonesrotten", "uv": [ 4.5, 4.0, 5.0, 4.5 ] },
								"west": { "texture": "#bonesrotten", "uv": [ 5.0, 4.0, 9.0, 4.5 ] },
								"up": { "texture": "#bonesrotten", "uv": [ 0.0, 0.0, 0.5, 4.0 ] },
								"down": { "texture": "#bonesrotten", "uv": [ 0.5, 0.0, 1.0, 4.0 ] }
							}
						}
					]
				},
				{
					"name": "Cube12",
					"from": [ 11.2, 0.0, -5.5 ], 
					"to": [ 12.0, 0.8, 4.5 ], 
					"rotationOrigin": [ 11.2, 0.0, -1.5 ],
					"rotationY": 3.0,
					"faces": {
						"north": { "texture": "#bonesrotten", "uv": [ 0.0, 10.0, 0.5, 10.5 ] },
						"east": { "texture": "#bonesrotten", "uv": [ 0.5, 10.0, 10.5, 10.5 ] },
						"south": { "texture": "#bonesrotten", "uv": [ 10.5, 10.0, 11.0, 10.5 ] },
						"west": { "texture": "#bonesrotten", "uv": [ 5.0, 9.0, 15.0, 9.5 ] },
						"up": { "texture": "#bonesrotten", "uv": [ 0.0, 0.0, 0.5, 10.0 ] },
						"down": { "texture": "#bonesrotten", "uv": [ 0.5, 0.0, 1.0, 10.0 ] }
					},
					"children": [
						{
							"name": "Cube22",
							"from": [ 0.2, 0.0, 10.0 ], 
							"to": [ 1.0, 0.8, 14.0 ], 
							"rotationOrigin": [ 0.2, 0.0, 10.0 ],
							"rotationX": -36.0,
							"faces": {
								"north": { "texture": "#bonesrotten", "uv": [ 0.0, 4.0, 0.5, 4.5 ] },
								"east": { "texture": "#bonesrotten", "uv": [ 0.5, 4.0, 4.5, 4.5 ] },
								"south": { "texture": "#bonesrotten", "uv": [ 4.5, 4.0, 5.0, 4.5 ] },
								"west": { "texture": "#bonesrotten", "uv": [ 5.0, 4.0, 9.0, 4.5 ] },
								"up": { "texture": "#bonesrotten", "uv": [ 0.0, 0.0, 0.5, 4.0 ] },
								"down": { "texture": "#bonesrotten", "uv": [ 0.5, 0.0, 1.0, 4.0 ] }
							},
							"children": [
								{
									"name": "Cube24",
									"from": [ 0.2, 0.0, 4.0 ], 
									"to": [ 1.0, 0.8, 7.0 ], 
									"rotationOrigin": [ 0.0, 0.0, 4.0 ],
									"rotationX": -72.0,
									"faces": {
										"north": { "texture": "#bonesrotten", "uv": [ 0.0, 3.0, 0.5, 3.5 ] },
										"east": { "texture": "#bonesrotten", "uv": [ 0.5, 3.0, 3.5, 3.5 ] },
										"south": { "texture": "#bonesrotten", "uv": [ 3.5, 3.0, 4.0, 3.5 ] },
										"west": { "texture": "#bonesrotten", "uv": [ 4.0, 3.0, 7.0, 3.5 ] },
										"up": { "texture": "#bonesrotten", "uv": [ 0.0, 0.0, 0.5, 3.0 ] },
										"down": { "texture": "#bonesrotten", "uv": [ 0.5, 0.0, 1.0, 3.0 ] }
									}
								}
							]
						},
						{
							"name": "Cube23",
							"from": [ 0.3, 0.0, -2.7 ], 
							"to": [ 1.1, 0.8, 1.3 ], 
							"rotationOrigin": [ 0.3, 0.0, 1.3 ],
							"rotationX": 36.0,
							"faces": {
								"north": { "texture": "#bonesrotten", "uv": [ 0.0, 4.0, 0.5, 4.5 ] },
								"east": { "texture": "#bonesrotten", "uv": [ 0.5, 4.0, 4.5, 4.5 ] },
								"south": { "texture": "#bonesrotten", "uv": [ 4.5, 4.0, 5.0, 4.5 ] },
								"west": { "texture": "#bonesrotten", "uv": [ 5.0, 4.0, 9.0, 4.5 ] },
								"up": { "texture": "#bonesrotten", "uv": [ 0.0, 0.0, 0.5, 4.0 ] },
								"down": { "texture": "#bonesrotten", "uv": [ 0.5, 0.0, 1.0, 4.0 ] }
							}
						}
					]
				}
			]
		},
		{
			"name": "spine2",
			"from": [ 10.0, 0.0, 6.0 ], 
			"to": [ 23.0, 1.0, 7.0 ], 
			"rotationOrigin": [ 18.0, 0.0, 6.0 ],
			"rotationY": 36.0,
			"faces": {
				"north": { "texture": "#bonesrotten", "uv": [ 0.0, 1.0, 13.0, 2.0 ] },
				"east": { "texture": "#bonesrotten", "uv": [ 13.0, 1.0, 14.0, 2.0 ] },
				"south": { "texture": "#bonesrotten", "uv": [ 1.0, 4.0, 14.0, 5.0 ] },
				"west": { "texture": "#bonesrotten", "uv": [ 13.0, 4.5, 14.0, 5.5 ] },
				"up": { "texture": "#bonesrotten", "uv": [ 0.0, 0.0, 13.0, 1.0 ] },
				"down": { "texture": "#bonesrotten", "uv": [ 13.0, 0.0, 26.0, 1.0 ] }
			},
			"children": [
				{
					"name": "Cube1",
					"from": [ 2.0, 0.0, -4.0 ], 
					"to": [ 2.8, 0.8, 5.0 ], 
					"rotationOrigin": [ 2.0, 0.0, 0.0 ],
					"faces": {
						"north": { "texture": "#bonesrotten", "uv": [ 0.0, 9.0, 0.5, 9.5 ] },
						"east": { "texture": "#bonesrotten", "uv": [ 0.5, 9.0, 9.5, 9.5 ] },
						"south": { "texture": "#bonesrotten", "uv": [ 9.5, 9.0, 10.0, 9.5 ] },
						"west": { "texture": "#bonesrotten", "uv": [ 2.0, 8.0, 11.0, 8.5 ] },
						"up": { "texture": "#bonesrotten", "uv": [ 0.0, 0.0, 0.5, 9.0 ] },
						"down": { "texture": "#bonesrotten", "uv": [ 0.5, 0.0, 1.0, 9.0 ] }
					},
					"children": [
						{
							"name": "Cube30",
							"from": [ 0.2, 0.0, 8.1 ], 
							"to": [ 1.0, 0.8, 11.9 ], 
							"rotationOrigin": [ 0.2, 0.0, 8.1 ],
							"rotationX": -36.0,
							"faces": {
								"north": { "texture": "#bonesrotten", "uv": [ 0.0, 3.5, 0.5, 4.0 ] },
								"east": { "texture": "#bonesrotten", "uv": [ 0.5, 3.5, 4.0, 4.0 ] },
								"south": { "texture": "#bonesrotten", "uv": [ 4.0, 3.5, 4.5, 4.0 ] },
								"west": { "texture": "#bonesrotten", "uv": [ 4.5, 3.5, 8.0, 4.0 ] },
								"up": { "texture": "#bonesrotten", "uv": [ 0.0, 0.0, 0.5, 3.5 ] },
								"down": { "texture": "#bonesrotten", "uv": [ 4.0, 2.0, 4.5, 5.5 ] }
							}
						},
						{
							"name": "Cube31",
							"from": [ 0.2, 0.2, -2.9 ], 
							"to": [ 1.0, 1.0, 0.9 ], 
							"rotationOrigin": [ 0.2, 0.2, 0.1 ],
							"rotationX": 36.0,
							"faces": {
								"north": { "texture": "#bonesrotten", "uv": [ 0.0, 3.5, 0.5, 4.0 ] },
								"east": { "texture": "#bonesrotten", "uv": [ 0.5, 3.5, 4.0, 4.0 ] },
								"south": { "texture": "#bonesrotten", "uv": [ 4.0, 3.5, 4.5, 4.0 ] },
								"west": { "texture": "#bonesrotten", "uv": [ 4.5, 3.5, 8.0, 4.0 ] },
								"up": { "texture": "#bonesrotten", "uv": [ 0.0, 0.0, 0.5, 3.5 ] },
								"down": { "texture": "#bonesrotten", "uv": [ 0.5, 0.0, 1.0, 3.5 ] }
							}
						}
					]
				},
				{
					"name": "Cube13",
					"from": [ 4.0, 0.0, -3.0 ], 
					"to": [ 4.8, 0.8, 4.0 ], 
					"rotationOrigin": [ 4.0, 0.0, 1.0 ],
					"rotationY": -6.0,
					"rotationZ": -11.0,
					"faces": {
						"north": { "texture": "#bonesrotten", "uv": [ 0.0, 7.0, 0.5, 7.5 ] },
						"east": { "texture": "#bonesrotten", "uv": [ 0.5, 7.0, 7.5, 7.5 ] },
						"south": { "texture": "#bonesrotten", "uv": [ 7.5, 7.0, 8.0, 7.5 ] },
						"west": { "texture": "#bonesrotten", "uv": [ 8.0, 7.0, 15.0, 7.5 ] },
						"up": { "texture": "#bonesrotten", "uv": [ 0.0, 0.0, 0.5, 7.0 ] },
						"down": { "texture": "#bonesrotten", "uv": [ 1.5, 1.0, 2.0, 8.0 ] }
					},
					"children": [
						{
							"name": "Cube32",
							"from": [ 0.3, 0.0, -3.5 ], 
							"to": [ 1.1, 0.8, 0.5 ], 
							"rotationOrigin": [ 0.3, 0.0, -0.5 ],
							"rotationX": 36.0,
							"faces": {
								"north": { "texture": "#bonesrotten", "uv": [ 0.0, 4.0, 0.5, 4.5 ] },
								"east": { "texture": "#bonesrotten", "uv": [ 0.5, 4.0, 4.5, 4.5 ] },
								"south": { "texture": "#bonesrotten", "uv": [ 4.5, 4.0, 5.0, 4.5 ] },
								"west": { "texture": "#bonesrotten", "uv": [ 5.0, 4.0, 9.0, 4.5 ] },
								"up": { "texture": "#bonesrotten", "uv": [ 0.0, 0.0, 0.5, 4.0 ] },
								"down": { "texture": "#bonesrotten", "uv": [ 4.0, 3.0, 4.5, 7.0 ] }
							}
						},
						{
							"name": "Cube33",
							"from": [ 0.3, 0.0, 6.1 ], 
							"to": [ 1.1, 0.8, 10.1 ], 
							"rotationOrigin": [ 0.3, 0.0, 6.1 ],
							"rotationX": -36.0,
							"faces": {
								"north": { "texture": "#bonesrotten", "uv": [ 0.0, 4.0, 0.5, 4.5 ] },
								"east": { "texture": "#bonesrotten", "uv": [ 0.5, 4.0, 4.5, 4.5 ] },
								"south": { "texture": "#bonesrotten", "uv": [ 4.5, 4.0, 5.0, 4.5 ] },
								"west": { "texture": "#bonesrotten", "uv": [ 5.0, 4.0, 9.0, 4.5 ] },
								"up": { "texture": "#bonesrotten", "uv": [ 0.0, 0.0, 0.5, 4.0 ] },
								"down": { "texture": "#bonesrotten", "uv": [ 0.5, 0.0, 1.0, 4.0 ] }
							}
						}
					]
				},
				{
					"name": "Cube26",
					"from": [ 8.0, 0.0, 1.0 ], 
					"to": [ 13.0, 0.8, 5.0 ], 
					"rotationOrigin": [ 11.0, 0.0, 1.0 ],
					"rotationX": -19.0,
					"rotationY": 14.0,
					"faces": {
						"north": { "texture": "#bonesrotten", "uv": [ 0.0, 4.0, 5.0, 4.5 ] },
						"east": { "texture": "#bonesrotten", "uv": [ 5.0, 4.0, 9.0, 4.5 ] },
						"south": { "texture": "#bonesrotten", "uv": [ 9.0, 4.0, 14.0, 4.5 ] },
						"west": { "texture": "#bonesrotten", "uv": [ 9.5, 6.5, 13.5, 7.0 ] },
						"up": { "texture": "#bonesrotten", "uv": [ 0.0, 0.0, 5.0, 4.0 ] },
						"down": { "texture": "#bonesrotten", "uv": [ 5.0, 0.0, 10.0, 4.0 ] }
					},
					"children": [
						{
							"name": "Cube29",
							"from": [ 0.0, 0.0, 4.0 ], 
							"to": [ 3.0, 0.8, 7.0 ], 
							"rotationOrigin": [ 0.0, 0.0, 4.0 ],
							"rotationX": -36.0,
							"faces": {
								"north": { "texture": "#bonesrotten", "uv": [ 0.0, 3.0, 3.0, 3.5 ] },
								"east": { "texture": "#bonesrotten", "uv": [ 3.0, 3.0, 6.0, 3.5 ] },
								"south": { "texture": "#bonesrotten", "uv": [ 6.0, 3.0, 9.0, 3.5 ] },
								"west": { "texture": "#bonesrotten", "uv": [ 9.0, 3.0, 12.0, 3.5 ] },
								"up": { "texture": "#bonesrotten", "uv": [ 0.0, 0.0, 3.0, 3.0 ] },
								"down": { "texture": "#bonesrotten", "uv": [ 3.0, 0.0, 6.0, 3.0 ] }
							}
						}
					]
				},
				{
					"name": "Cube27",
					"from": [ 7.0, 0.0, -4.0 ], 
					"to": [ 12.0, 0.8, 0.0 ], 
					"rotationOrigin": [ 10.0, 0.0, 0.0 ],
					"rotationX": 17.0,
					"rotationY": -17.0,
					"faces": {
						"north": { "texture": "#bonesrotten", "uv": [ 0.0, 4.0, 5.0, 4.5 ] },
						"east": { "texture": "#bonesrotten", "uv": [ 5.0, 4.0, 9.0, 4.5 ] },
						"south": { "texture": "#bonesrotten", "uv": [ 9.0, 4.0, 14.0, 4.5 ] },
						"west": { "texture": "#bonesrotten", "uv": [ 7.0, 7.5, 11.0, 8.0 ] },
						"up": { "texture": "#bonesrotten", "uv": [ 0.0, 0.0, 5.0, 4.0 ] },
						"down": { "texture": "#bonesrotten", "uv": [ 6.5, 5.5, 11.5, 9.5 ] }
					},
					"children": [
						{
							"name": "Cube28",
							"from": [ 0.0, 0.0, -3.0 ], 
							"to": [ 3.0, 0.8, 0.0 ], 
							"rotationOrigin": [ 0.0, 0.0, 0.0 ],
							"rotationX": 36.0,
							"faces": {
								"north": { "texture": "#bonesrotten", "uv": [ 0.0, 3.0, 3.0, 3.5 ] },
								"east": { "texture": "#bonesrotten", "uv": [ 3.0, 3.0, 6.0, 3.5 ] },
								"south": { "texture": "#bonesrotten", "uv": [ 6.0, 3.0, 9.0, 3.5 ] },
								"west": { "texture": "#bonesrotten", "uv": [ 9.0, 3.0, 12.0, 3.5 ] },
								"up": { "texture": "#bonesrotten", "uv": [ 0.0, 0.0, 3.0, 3.0 ] },
								"down": { "texture": "#bonesrotten", "uv": [ 3.0, 0.0, 6.0, 3.0 ] }
							}
						}
					]
				}
			]
		},
		{
			"name": "Cube34",
			"from": [ 6.0, 0.0, -1.0 ], 
			"to": [ 14.0, 1.2, 0.2 ], 
			"rotationOrigin": [ 9.0, 0.0, -1.0 ],
			"rotationY": -39.0,
			"faces": {
				"north": { "texture": "#bonesrotten", "uv": [ 0.0, 1.0, 8.0, 2.0 ] },
				"east": { "texture": "#bonesrotten", "uv": [ 8.0, 1.0, 9.0, 2.0 ] },
				"south": { "texture": "#bonesrotten", "uv": [ 6.0, 5.0, 14.0, 6.0 ] },
				"west": { "texture": "#bonesrotten", "uv": [ 6.5, 4.5, 7.5, 5.5 ] },
				"up": { "texture": "#bonesrotten", "uv": [ 0.0, 0.0, 8.0, 1.0 ] },
				"down": { "texture": "#bonesrotten", "uv": [ 8.0, 0.0, 16.0, 1.0 ] }
			}
		},
		{
			"name": "Cube35",
			"from": [ 20.0, 0.0, 10.0 ], 
			"to": [ 29.0, 1.2, 11.2 ], 
			"rotationOrigin": [ 23.0, 0.0, 10.0 ],
			"rotationY": 28.0,
			"faces": {
				"north": { "texture": "#bonesrotten", "uv": [ 0.0, 1.0, 9.0, 2.0 ] },
				"east": { "texture": "#bonesrotten", "uv": [ 9.0, 1.0, 10.0, 2.0 ] },
				"south": { "texture": "#bonesrotten", "uv": [ 4.0, 11.0, 13.0, 12.0 ] },
				"west": { "texture": "#bonesrotten", "uv": [ 14.0, 7.5, 15.0, 8.5 ] },
				"up": { "texture": "#bonesrotten", "uv": [ 0.0, 0.0, 9.0, 1.0 ] },
				"down": { "texture": "#bonesrotten", "uv": [ 4.5, 4.0, 13.5, 5.0 ] }
			}
		},
		{
			"name": "Cube36",
			"from": [ 23.0, 0.0, 0.0 ], 
			"to": [ 24.0, 1.0, 1.0 ], 
			"rotationOrigin": [ 23.0, 0.0, 0.0 ],
			"rotationY": -28.0,
			"faces": {
				"north": { "texture": "#bonesrotten", "uv": [ 0.0, 1.0, 1.0, 2.0 ] },
				"east": { "texture": "#bonesrotten", "uv": [ 1.0, 1.0, 2.0, 2.0 ] },
				"south": { "texture": "#bonesrotten", "uv": [ 2.0, 1.0, 3.0, 2.0 ] },
				"west": { "texture": "#bonesrotten", "uv": [ 3.0, 1.0, 4.0, 2.0 ] },
				"up": { "texture": "#bonesrotten", "uv": [ 0.0, 0.0, 1.0, 1.0 ] },
				"down": { "texture": "#bonesrotten", "uv": [ 1.0, 0.0, 2.0, 1.0 ] }
			}
		},
		{
			"name": "Cube37",
			"from": [ 10.0, 0.0, 13.0 ], 
			"to": [ 11.0, 1.0, 14.0 ], 
			"rotationOrigin": [ 10.0, 0.0, 13.0 ],
			"faces": {
				"north": { "texture": "#bonesrotten", "uv": [ 0.0, 1.0, 1.0, 2.0 ] },
				"east": { "texture": "#bonesrotten", "uv": [ 1.0, 1.0, 2.0, 2.0 ] },
				"south": { "texture": "#bonesrotten", "uv": [ 2.0, 1.0, 3.0, 2.0 ] },
				"west": { "texture": "#bonesrotten", "uv": [ 3.0, 1.0, 4.0, 2.0 ] },
				"up": { "texture": "#bonesrotten", "uv": [ 0.0, 0.0, 1.0, 1.0 ] },
				"down": { "texture": "#bonesrotten", "uv": [ 1.0, 0.0, 2.0, 1.0 ] }
			}
		},
		{
			"name": "Cube38",
			"from": [ 23.0, 0.0, 2.0 ], 
			"to": [ 23.8, 0.8, 2.8 ], 
			"rotationOrigin": [ 23.0, 0.0, 2.0 ],
			"rotationY": -28.0,
			"faces": {
				"north": { "texture": "#bonesrotten", "uv": [ 0.0, 0.5, 0.5, 1.0 ] },
				"east": { "texture": "#bonesrotten", "uv": [ 0.5, 0.5, 1.0, 1.0 ] },
				"south": { "texture": "#bonesrotten", "uv": [ 1.0, 0.5, 1.5, 1.0 ] },
				"west": { "texture": "#bonesrotten", "uv": [ 1.5, 0.5, 2.0, 1.0 ] },
				"up": { "texture": "#bonesrotten", "uv": [ 0.0, 0.0, 0.5, 0.5 ] },
				"down": { "texture": "#bonesrotten", "uv": [ 0.5, 0.0, 1.0, 0.5 ] }
			}
		},
		{
			"name": "Cube39",
			"from": [ 10.0, 0.0, 13.0 ], 
			"to": [ 11.0, 1.0, 14.0 ], 
			"rotationOrigin": [ 10.0, 0.0, 13.0 ],
			"faces": {
				"north": { "texture": "#bonesrotten", "uv": [ 0.0, 1.0, 1.0, 2.0 ] },
				"east": { "texture": "#bonesrotten", "uv": [ 1.0, 1.0, 2.0, 2.0 ] },
				"south": { "texture": "#bonesrotten", "uv": [ 2.0, 1.0, 3.0, 2.0 ] },
				"west": { "texture": "#bonesrotten", "uv": [ 3.0, 1.0, 4.0, 2.0 ] },
				"up": { "texture": "#bonesrotten", "uv": [ 0.0, 0.0, 1.0, 1.0 ] },
				"down": { "texture": "#bonesrotten", "uv": [ 1.0, 0.0, 2.0, 1.0 ] }
			}
		},
		{
			"name": "Cube40",
			"from": [ -1.5, 0.0, 18.8 ], 
			"to": [ -0.5, 1.0, 19.8 ], 
			"rotationOrigin": [ -1.0, 0.0, 19.0 ],
			"rotationY": 11.0,
			"faces": {
				"north": { "texture": "#bonesrotten", "uv": [ 0.0, 1.0, 1.0, 2.0 ] },
				"east": { "texture": "#bonesrotten", "uv": [ 1.0, 1.0, 2.0, 2.0 ] },
				"south": { "texture": "#bonesrotten", "uv": [ 2.0, 1.0, 3.0, 2.0 ] },
				"west": { "texture": "#bonesrotten", "uv": [ 3.0, 1.0, 4.0, 2.0 ] },
				"up": { "texture": "#bonesrotten", "uv": [ 0.0, 0.0, 1.0, 1.0 ] },
				"down": { "texture": "#bonesrotten", "uv": [ 1.0, 0.0, 2.0, 1.0 ] }
			}
		},
		{
			"name": "Cube41",
			"from": [ 7.0, 0.0, -3.0 ], 
			"to": [ 8.0, 1.0, -2.0 ], 
			"rotationOrigin": [ 7.0, 0.0, -3.0 ],
			"rotationY": 17.0,
			"faces": {
				"north": { "texture": "#bonesrotten", "uv": [ 0.0, 1.0, 1.0, 2.0 ] },
				"east": { "texture": "#bonesrotten", "uv": [ 1.0, 1.0, 2.0, 2.0 ] },
				"south": { "texture": "#bonesrotten", "uv": [ 2.0, 1.0, 3.0, 2.0 ] },
				"west": { "texture": "#bonesrotten", "uv": [ 3.0, 1.0, 4.0, 2.0 ] },
				"up": { "texture": "#bonesrotten", "uv": [ 0.0, 0.0, 1.0, 1.0 ] },
				"down": { "texture": "#bonesrotten", "uv": [ 1.0, 0.0, 2.0, 1.0 ] }
			}
		},
		{
			"name": "Cube42",
			"from": [ -9.0, 0.0, 15.0 ], 
			"to": [ -6.0, 0.8, 15.8 ], 
			"rotationOrigin": [ -9.0, 0.0, 15.0 ],
			"rotationY": -19.0,
			"faces": {
				"north": { "texture": "#bonesrotten", "uv": [ 0.0, 0.5, 3.0, 1.0 ] },
				"east": { "texture": "#bonesrotten", "uv": [ 3.0, 0.5, 3.5, 1.0 ] },
				"south": { "texture": "#bonesrotten", "uv": [ 3.5, 0.5, 6.5, 1.0 ] },
				"west": { "texture": "#bonesrotten", "uv": [ 6.5, 0.5, 7.0, 1.0 ] },
				"up": { "texture": "#bonesrotten", "uv": [ 0.0, 0.0, 3.0, 0.5 ] },
				"down": { "texture": "#bonesrotten", "uv": [ 3.0, 0.0, 6.0, 0.5 ] }
			}
		}
	]}
