{
	"editor": {
		"backDropShape": "/home/tiger/.var/app/at.vintagestory.VintageStory/config/VintagestoryData/Mods/LoP-Abeli/assets/abelisauridae/shapes/entity/land/abelisauridae/carnotaurus/adult",
		"collapsedPaths": "Root/Leather square center,Root/Center/Strap Main2/Main strap top L2/Main strap bottom L3,Root/Center/Main Saddle bottom,Root/Leather square center2,Root,Root/Strap Main/Main strap top L,Root/Strap Main/Main strap top R,Root/Strap Main2,Root/Strap Main,Root/Leather square center/Leather square center L,Root/Main strap top R,Root/Leather square center/Leather square center L9,Root/Main strap bottom L,Root/Main strap top L,Root/Main Saddle bottom/Saddle Back In,Root/Main Saddle bottom,Root/Center/Leather square center2,Root/Mainstrap  bulge  L,Root/Strap Main2/Main strap top L2,Root/Ring L,Root/Center/Leather square center,Root/Ring R,Root/Main strap bottom L2,Root/Leather square center2/Leather square center L3",
		"allAngles": true,
		"entityTextureMode": false
	},
	"textureWidth": 16,
	"textureHeight": 16,
	"textureSizes": {
	},
	"textures": {
	},
	"elements": [
		{
			"name": "Main",
			"stepParentName": "Body",
			"from": [ 13.4, -29.4, 1.6 ],
			"to": [ 13.4, -29.4, 1.6 ],
			"rotationOrigin": [ 3.8, 22.6, 8.0 ],
			"faces": {
				"north": { "texture": "#plain", "uv": [ 0.0, 0.0, 0.5, 0.5 ], "autoUv": false },
				"east": { "texture": "#plain", "uv": [ 0.0, 0.0, 0.5, 0.5 ], "autoUv": false },
				"south": { "texture": "#plain", "uv": [ 0.0, 0.0, 0.5, 0.5 ], "autoUv": false },
				"west": { "texture": "#plain", "uv": [ 0.0, 0.0, 0.5, 0.5 ], "autoUv": false },
				"up": { "texture": "#plain", "uv": [ 0.0, 0.0, 0.5, 0.5 ], "autoUv": false },
				"down": { "texture": "#plain", "uv": [ 0.0, 0.0, 0.5, 0.5 ], "autoUv": false }
			},
			"children": [
				{
					"name": "Strap Main2",
					"from": [ -17.24, 52.56, 1.6 ],
					"to": [ -17.24, 52.56, 1.6 ],
					"rotationOrigin": [ -11.64, 44.56, 6.4 ],
					"rotationZ": -11.0,
					"faces": {
						"north": { "texture": "#plain", "uv": [ 0.0, 0.0, 0.5, 0.5 ], "autoUv": false },
						"east": { "texture": "#plain", "uv": [ 0.0, 0.0, 0.5, 0.5 ], "autoUv": false },
						"south": { "texture": "#plain", "uv": [ 0.0, 0.0, 0.5, 0.5 ], "autoUv": false },
						"west": { "texture": "#plain", "uv": [ 0.0, 0.0, 0.5, 0.5 ], "autoUv": false },
						"up": { "texture": "#plain", "uv": [ 0.0, 0.0, 0.5, 0.5 ], "autoUv": false },
						"down": { "texture": "#plain", "uv": [ 0.0, 0.0, 0.5, 0.5 ], "autoUv": false }
					},
					"children": [
						{
							"name": "Main strap top L2",
							"from": [ 4.0, -6.4, 13.4 ],
							"to": [ 7.2, -4.8, 14.2 ],
							"rotationOrigin": [ 4.0, -6.4, 13.4 ],
							"faces": {
								"north": { "texture": "#plain", "uv": [ 0.0, 0.0, 4.0, 2.0 ], "autoUv": false },
								"east": { "texture": "#plain", "uv": [ 0.0, 0.0, 1.0, 2.0 ], "autoUv": false },
								"south": { "texture": "#plain", "uv": [ 0.0, 0.0, 4.0, 2.0 ], "autoUv": false },
								"west": { "texture": "#plain", "uv": [ 0.0, 0.0, 1.0, 2.0 ], "autoUv": false },
								"up": { "texture": "#plain", "uv": [ 0.0, 0.0, 4.0, 1.0 ], "autoUv": false },
								"down": { "texture": "#plain", "uv": [ 0.0, 0.0, 4.0, 1.0 ], "autoUv": false }
							},
							"children": [
								{
									"name": "Strap bulge L2",
									"from": [ 0.0, -0.24, -0.4 ],
									"to": [ 4.0, 1.04, 1.2 ],
									"rotationOrigin": [ 0.0, -0.24, -0.4 ],
									"faces": {
										"north": { "texture": "#plain", "uv": [ 0.0, 0.0, 5.0, 1.5 ], "autoUv": false },
										"east": { "texture": "#plain", "uv": [ 0.0, 0.0, 2.0, 1.5 ], "autoUv": false },
										"south": { "texture": "#plain", "uv": [ 0.0, 0.0, 5.0, 1.5 ], "autoUv": false },
										"west": { "texture": "#plain", "uv": [ 0.0, 0.0, 2.0, 1.5 ], "autoUv": false },
										"up": { "texture": "#plain", "uv": [ 0.0, 0.0, 5.0, 2.0 ], "autoUv": false },
										"down": { "texture": "#plain", "uv": [ 0.0, 0.0, 5.0, 2.0 ], "autoUv": false }
									}
								},
								{
									"name": "Ring L4",
									"from": [ -0.4, 0.0, 0.0 ],
									"to": [ 3.6, 0.8, 0.8 ],
									"rotationOrigin": [ -0.4, 0.0, 0.4 ],
									"faces": {
										"north": { "texture": "#steel", "uv": [ 6.5, 12.5, 11.5, 13.5 ], "autoUv": false },
										"east": { "texture": "#steel", "uv": [ 0.0, 0.0, 1.0, 1.0 ], "autoUv": false },
										"south": { "texture": "#steel", "uv": [ 10.0, 7.5, 15.0, 8.5 ], "autoUv": false },
										"west": { "texture": "#steel", "uv": [ 9.0, 9.0, 14.0, 10.0 ], "autoUv": false },
										"up": { "texture": "#steel", "uv": [ 8.0, 7.5, 13.0, 8.5 ], "autoUv": false },
										"down": { "texture": "#steel", "uv": [ 6.0, 8.5, 11.0, 9.5 ], "autoUv": false }
									},
									"children": [
										{
											"name": "Ring L5",
											"from": [ 4.0, -3.2, 0.0 ],
											"to": [ 4.8, 0.0, 0.8 ],
											"rotationOrigin": [ 4.0, -3.2, 0.4 ],
											"faces": {
												"north": { "texture": "#steel", "uv": [ 0.0, 0.0, 1.0, 4.0 ], "autoUv": false },
												"east": { "texture": "#steel", "uv": [ 0.0, 0.0, 1.0, 4.0 ], "autoUv": false },
												"south": { "texture": "#steel", "uv": [ 0.0, 0.0, 1.0, 4.0 ], "autoUv": false },
												"west": { "texture": "#steel", "uv": [ 0.0, 0.0, 1.0, 4.0 ], "autoUv": false },
												"up": { "texture": "#steel", "uv": [ 0.0, 0.0, 1.0, 1.0 ], "autoUv": false },
												"down": { "texture": "#steel", "uv": [ 0.0, 0.0, 1.0, 1.0 ], "autoUv": false }
											}
										},
										{
											"name": "Ring L6",
											"from": [ -0.8, -3.2, 0.0 ],
											"to": [ 0.0, 0.0, 0.8 ],
											"rotationOrigin": [ -0.8, -3.2, 0.4 ],
											"faces": {
												"north": { "texture": "#steel", "uv": [ 0.0, 0.0, 1.0, 4.0 ], "autoUv": false },
												"east": { "texture": "#steel", "uv": [ 0.0, 0.0, 1.0, 4.0 ], "autoUv": false },
												"south": { "texture": "#steel", "uv": [ 0.0, 0.0, 1.0, 4.0 ], "autoUv": false },
												"west": { "texture": "#steel", "uv": [ 0.0, 0.0, 1.0, 4.0 ], "autoUv": false },
												"up": { "texture": "#steel", "uv": [ 0.0, 0.0, 1.0, 1.0 ], "autoUv": false },
												"down": { "texture": "#steel", "uv": [ 0.0, 0.0, 1.0, 1.0 ], "autoUv": false }
											}
										},
										{
											"name": "Ring L7",
											"from": [ 0.0, -4.0, 0.0 ],
											"to": [ 4.0, -3.2, 0.8 ],
											"rotationOrigin": [ 0.0, -4.0, 0.4 ],
											"faces": {
												"north": { "texture": "#steel", "uv": [ 0.0, 0.0, 5.0, 1.0 ], "autoUv": false },
												"east": { "texture": "#steel", "uv": [ 0.0, 0.0, 1.0, 1.0 ], "autoUv": false },
												"south": { "texture": "#steel", "uv": [ 6.0, 7.5, 11.0, 8.5 ], "autoUv": false },
												"west": { "texture": "#steel", "uv": [ 0.0, 0.0, 1.0, 1.0 ], "autoUv": false },
												"up": { "texture": "#steel", "uv": [ 0.0, 0.0, 5.0, 1.0 ], "autoUv": false },
												"down": { "texture": "#steel", "uv": [ 0.0, 0.0, 5.0, 1.0 ], "autoUv": false }
											}
										}
									]
								},
								{
									"name": "Mainstrap  bulge  L6",
									"from": [ 0.0, -4.24, -0.4 ],
									"to": [ 3.2, -2.96, 1.2 ],
									"rotationOrigin": [ 0.0, -4.24, -0.4 ],
									"faces": {
										"north": { "texture": "#plain", "uv": [ 0.0, 0.0, 4.0, 1.5 ], "autoUv": false },
										"east": { "texture": "#plain", "uv": [ 0.0, 0.0, 2.0, 1.5 ], "autoUv": false },
										"south": { "texture": "#plain", "uv": [ 0.0, 0.0, 4.0, 1.5 ], "autoUv": false },
										"west": { "texture": "#plain", "uv": [ 0.0, 0.0, 2.0, 1.5 ], "autoUv": false },
										"up": { "texture": "#plain", "uv": [ 0.0, 0.0, 4.0, 2.0 ], "autoUv": false },
										"down": { "texture": "#plain", "uv": [ 0.0, 0.0, 4.0, 2.0 ], "autoUv": false }
									}
								},
								{
									"name": "Main strap bottom L3",
									"from": [ 0.0, -14.8, 0.0 ],
									"to": [ 3.2, -4.0, 0.8 ],
									"rotationOrigin": [ 0.0, -14.8, 0.0 ],
									"faces": {
										"north": { "texture": "#plain", "uv": [ 0.0, 0.0, 4.0, 16.0 ], "autoUv": false },
										"east": { "texture": "#plain", "uv": [ 0.0, 0.0, 1.0, 16.0 ], "autoUv": false },
										"south": { "texture": "#plain", "uv": [ 0.0, 0.0, 16.0, 4.0 ], "rotation": 90, "autoUv": false },
										"west": { "texture": "#plain", "uv": [ 0.0, 0.0, 1.0, 16.0 ], "autoUv": false },
										"up": { "texture": "#plain", "uv": [ 0.0, 0.0, 4.0, 1.0 ], "autoUv": false },
										"down": { "texture": "#plain", "uv": [ 0.0, 0.0, 4.0, 1.0 ], "autoUv": false }
									},
									"children": [
										{
											"name": "Mainstrap  bulge  L7",
											"from": [ 0.0, -4.0, 0.0 ],
											"to": [ 3.2, 0.0, 0.8 ],
											"rotationOrigin": [ 0.0, 0.0, 0.8 ],
											"rotationX": 42.0,
											"faces": {
												"north": { "texture": "#plain", "uv": [ 0.0, 0.0, 4.0, 5.0 ], "autoUv": false },
												"east": { "texture": "#plain", "uv": [ 0.0, 0.0, 1.0, 5.0 ], "autoUv": false },
												"south": { "texture": "#plain", "uv": [ 0.0, 0.0, 5.0, 4.0 ], "rotation": 90, "autoUv": false },
												"west": { "texture": "#plain", "uv": [ 0.0, 0.0, 1.0, 5.0 ], "autoUv": false },
												"up": { "texture": "#plain", "uv": [ 0.0, 0.0, 4.0, 1.0 ], "autoUv": false },
												"down": { "texture": "#plain", "uv": [ 0.0, 0.0, 4.0, 1.0 ], "autoUv": false }
											},
											"children": [
												{
													"name": "Mainstrap  bulge  L8",
													"from": [ 0.0, -6.672, -2.952 ],
													"to": [ 3.2, 1.328, -2.152 ],
													"rotationOrigin": [ 0.0, -2.6749, -2.1514 ],
													"rotationX": 47.0,
													"faces": {
														"north": { "texture": "#plain", "uv": [ 0.0, 0.0, 4.0, 10.0 ], "autoUv": false },
														"east": { "texture": "#plain", "uv": [ 0.0, 0.0, 1.0, 10.0 ], "autoUv": false },
														"south": { "texture": "#plain", "uv": [ 0.0, 0.0, 10.0, 4.0 ], "rotation": 90, "autoUv": false },
														"west": { "texture": "#plain", "uv": [ 0.0, 0.0, 1.0, 10.0 ], "autoUv": false },
														"up": { "texture": "#plain", "uv": [ 0.0, 0.0, 4.0, 1.0 ], "autoUv": false },
														"down": { "texture": "#plain", "uv": [ 0.0, 0.0, 4.0, 1.0 ], "autoUv": false }
													}
												}
											]
										}
									]
								}
							]
						},
						{
							"name": "Main strap top R2",
							"from": [ 4.0, -6.4, -4.68 ],
							"to": [ 7.2, -4.8, -3.88 ],
							"rotationOrigin": [ 4.0, -6.4, 44.92 ],
							"faces": {
								"north": { "texture": "#plain", "uv": [ 0.0, 0.0, 4.0, 2.0 ], "autoUv": false },
								"east": { "texture": "#plain", "uv": [ 0.0, 0.0, 1.0, 2.0 ], "autoUv": false },
								"south": { "texture": "#plain", "uv": [ 0.0, 0.0, 4.0, 2.0 ], "autoUv": false },
								"west": { "texture": "#plain", "uv": [ 0.0, 0.0, 1.0, 2.0 ], "autoUv": false },
								"up": { "texture": "#plain", "uv": [ 0.0, 0.0, 4.0, 1.0 ], "autoUv": false },
								"down": { "texture": "#plain", "uv": [ 0.0, 0.0, 4.0, 1.0 ], "autoUv": false }
							},
							"children": [
								{
									"name": "Strap bulge R2",
									"from": [ 0.0, -0.24, -0.4 ],
									"to": [ 3.2, 0.96, 1.2 ],
									"rotationOrigin": [ 0.0, -0.24, -0.4 ],
									"faces": {
										"north": { "texture": "#plain", "uv": [ 0.0, 0.0, 4.0, 1.5 ], "autoUv": false },
										"east": { "texture": "#plain", "uv": [ 0.0, 0.0, 2.0, 1.5 ], "autoUv": false },
										"south": { "texture": "#plain", "uv": [ 0.0, 0.0, 4.0, 1.5 ], "autoUv": false },
										"west": { "texture": "#plain", "uv": [ 0.0, 0.0, 2.0, 1.5 ], "autoUv": false },
										"up": { "texture": "#plain", "uv": [ 0.0, 0.0, 4.0, 2.0 ], "autoUv": false },
										"down": { "texture": "#plain", "uv": [ 0.0, 0.0, 4.0, 2.0 ], "autoUv": false }
									}
								},
								{
									"name": "Ring R4",
									"from": [ -0.4, 0.0, -0.24 ],
									"to": [ 3.6, 0.8, 0.56 ],
									"rotationOrigin": [ -0.4, 0.0, 32.16 ],
									"faces": {
										"north": { "texture": "#steel", "uv": [ 5.0, 8.0, 10.0, 9.0 ], "autoUv": false },
										"east": { "texture": "#steel", "uv": [ 0.0, 0.0, 1.0, 1.0 ], "autoUv": false },
										"south": { "texture": "#steel", "uv": [ 5.5, 10.0, 10.5, 11.0 ], "autoUv": false },
										"west": { "texture": "#steel", "uv": [ 0.0, 0.0, 1.0, 1.0 ], "autoUv": false },
										"up": { "texture": "#steel", "uv": [ 6.5, 8.0, 11.5, 9.0 ], "autoUv": false },
										"down": { "texture": "#steel", "uv": [ 7.0, 7.0, 12.0, 8.0 ], "autoUv": false }
									},
									"children": [
										{
											"name": "Ring R5",
											"from": [ 4.0, -3.2, 0.0 ],
											"to": [ 4.8, 0.0, 0.8 ],
											"rotationOrigin": [ 4.0, -3.2, 0.4 ],
											"faces": {
												"north": { "texture": "#steel", "uv": [ 0.0, 0.0, 1.0, 4.0 ], "autoUv": false },
												"east": { "texture": "#steel", "uv": [ 0.0, 0.0, 1.0, 4.0 ], "autoUv": false },
												"south": { "texture": "#steel", "uv": [ 0.0, 0.0, 1.0, 4.0 ], "autoUv": false },
												"west": { "texture": "#steel", "uv": [ 0.0, 0.0, 1.0, 4.0 ], "autoUv": false },
												"up": { "texture": "#steel", "uv": [ 0.0, 0.0, 1.0, 1.0 ], "autoUv": false },
												"down": { "texture": "#steel", "uv": [ 0.0, 0.0, 1.0, 1.0 ], "autoUv": false }
											}
										},
										{
											"name": "Ring R6",
											"from": [ -0.8, -3.2, 0.0 ],
											"to": [ 0.0, 0.0, 0.8 ],
											"rotationOrigin": [ -0.8, -3.2, 0.4 ],
											"faces": {
												"north": { "texture": "#steel", "uv": [ 0.0, 0.0, 1.0, 4.0 ], "autoUv": false },
												"east": { "texture": "#steel", "uv": [ 0.0, 0.0, 1.0, 4.0 ], "autoUv": false },
												"south": { "texture": "#steel", "uv": [ 0.0, 0.0, 1.0, 4.0 ], "autoUv": false },
												"west": { "texture": "#steel", "uv": [ 0.0, 0.0, 1.0, 4.0 ], "autoUv": false },
												"up": { "texture": "#steel", "uv": [ 0.0, 0.0, 1.0, 1.0 ], "autoUv": false },
												"down": { "texture": "#steel", "uv": [ 0.0, 0.0, 1.0, 1.0 ], "autoUv": false }
											}
										},
										{
											"name": "Ring R7",
											"from": [ 0.0, -4.0, 0.0 ],
											"to": [ 4.0, -3.2, 0.8 ],
											"rotationOrigin": [ 0.0, -4.0, 0.4 ],
											"faces": {
												"north": { "texture": "#steel", "uv": [ 5.5, 7.0, 10.5, 8.0 ], "autoUv": false },
												"east": { "texture": "#steel", "uv": [ 0.0, 0.0, 1.0, 1.0 ], "autoUv": false },
												"south": { "texture": "#steel", "uv": [ 0.0, 0.0, 5.0, 1.0 ], "autoUv": false },
												"west": { "texture": "#steel", "uv": [ 0.0, 0.0, 1.0, 1.0 ], "autoUv": false },
												"up": { "texture": "#steel", "uv": [ 0.0, 0.0, 5.0, 1.0 ], "autoUv": false },
												"down": { "texture": "#steel", "uv": [ 0.0, 0.0, 5.0, 1.0 ], "autoUv": false }
											}
										}
									]
								},
								{
									"name": "Mainstrap  bulge  L9",
									"from": [ 3.2, -4.24, 0.48 ],
									"to": [ 6.4, -2.96, 1.28 ],
									"rotationOrigin": [ 3.2, -4.24, 0.48 ],
									"rotationX": -180.0,
									"rotationZ": -180.0,
									"faces": {
										"north": { "texture": "#plain", "uv": [ 0.0, 0.0, 4.0, 1.5 ], "autoUv": false },
										"east": { "texture": "#plain", "uv": [ 0.0, 0.0, 1.0, 1.5 ], "autoUv": false },
										"south": { "texture": "#plain", "uv": [ 0.0, 0.0, 4.0, 1.5 ], "autoUv": false },
										"west": { "texture": "#plain", "uv": [ 0.0, 0.0, 1.0, 1.5 ], "autoUv": false },
										"up": { "texture": "#plain", "uv": [ 0.0, 0.0, 4.0, 1.0 ], "autoUv": false },
										"down": { "texture": "#plain", "uv": [ 0.0, 0.0, 4.0, 1.0 ], "autoUv": false }
									}
								},
								{
									"name": "Main strap bottom L4",
									"from": [ 3.2, -14.8, 0.88 ],
									"to": [ 6.4, -4.0, 1.68 ],
									"rotationOrigin": [ 3.2, -14.8, 0.88 ],
									"rotationX": -180.0,
									"rotationZ": -180.0,
									"faces": {
										"north": { "texture": "#plain", "uv": [ 0.0, 0.0, 4.0, 16.0 ], "autoUv": false },
										"east": { "texture": "#plain", "uv": [ 0.0, 0.0, 1.0, 16.0 ], "autoUv": false },
										"south": { "texture": "#plain", "uv": [ 0.0, 0.0, 16.0, 4.0 ], "rotation": 90, "autoUv": false },
										"west": { "texture": "#plain", "uv": [ 0.0, 0.0, 1.0, 16.0 ], "autoUv": false },
										"up": { "texture": "#plain", "uv": [ 0.0, 0.0, 4.0, 1.0 ], "autoUv": false },
										"down": { "texture": "#plain", "uv": [ 0.0, 0.0, 4.0, 1.0 ], "autoUv": false }
									},
									"children": [
										{
											"name": "Mainstrap  bulge  L10",
											"from": [ 0.0, -4.0, 0.0 ],
											"to": [ 3.2, 0.0, 0.8 ],
											"rotationOrigin": [ 0.0, 0.0, 0.8 ],
											"rotationX": 42.0,
											"faces": {
												"north": { "texture": "#plain", "uv": [ 0.0, 0.0, 4.0, 5.0 ], "autoUv": false },
												"east": { "texture": "#plain", "uv": [ 0.0, 0.0, 1.0, 5.0 ], "autoUv": false },
												"south": { "texture": "#plain", "uv": [ 0.0, 0.0, 5.0, 4.0 ], "rotation": 90, "autoUv": false },
												"west": { "texture": "#plain", "uv": [ 0.0, 0.0, 1.0, 5.0 ], "autoUv": false },
												"up": { "texture": "#plain", "uv": [ 0.0, 0.0, 4.0, 1.0 ], "autoUv": false },
												"down": { "texture": "#plain", "uv": [ 0.0, 0.0, 4.0, 1.0 ], "autoUv": false }
											},
											"children": [
												{
													"name": "Mainstrap  bulge  L11",
													"from": [ 0.0, -6.672, -2.952 ],
													"to": [ 3.2, 1.328, -2.152 ],
													"rotationOrigin": [ 0.0, -2.6749, -2.1514 ],
													"rotationX": 47.0,
													"faces": {
														"north": { "texture": "#plain", "uv": [ 0.0, 0.0, 4.0, 10.0 ], "autoUv": false },
														"east": { "texture": "#plain", "uv": [ 0.0, 0.0, 1.0, 10.0 ], "autoUv": false },
														"south": { "texture": "#plain", "uv": [ 0.0, 0.0, 10.0, 4.0 ], "rotation": 90, "autoUv": false },
														"west": { "texture": "#plain", "uv": [ 0.0, 0.0, 1.0, 10.0 ], "autoUv": false },
														"up": { "texture": "#plain", "uv": [ 0.0, 0.0, 4.0, 1.0 ], "autoUv": false },
														"down": { "texture": "#plain", "uv": [ 0.0, 0.0, 4.0, 1.0 ], "autoUv": false }
													}
												}
											]
										}
									]
								}
							]
						}
					]
				},
				{
					"name": "Strap Main",
					"from": [ -12.0, 52.0, 1.6 ],
					"to": [ -12.0, 52.0, 1.6 ],
					"rotationOrigin": [ -6.4, 44.0, 6.4 ],
					"faces": {
						"north": { "texture": "#plain", "uv": [ 0.0, 0.0, 0.5, 0.5 ], "autoUv": false },
						"east": { "texture": "#plain", "uv": [ 0.0, 0.0, 0.5, 0.5 ], "autoUv": false },
						"south": { "texture": "#plain", "uv": [ 0.0, 0.0, 0.5, 0.5 ], "autoUv": false },
						"west": { "texture": "#plain", "uv": [ 0.0, 0.0, 0.5, 0.5 ], "autoUv": false },
						"up": { "texture": "#plain", "uv": [ 0.0, 0.0, 0.5, 0.5 ], "autoUv": false },
						"down": { "texture": "#plain", "uv": [ 0.0, 0.0, 0.5, 0.5 ], "autoUv": false }
					},
					"children": [
						{
							"name": "Main strap top L",
							"from": [ 4.0, -6.4, 13.4 ],
							"to": [ 7.2, -4.8, 14.2 ],
							"rotationOrigin": [ 4.0, -6.4, 13.4 ],
							"faces": {
								"north": { "texture": "#plain", "uv": [ 0.0, 0.0, 4.0, 2.0 ], "autoUv": false },
								"east": { "texture": "#plain", "uv": [ 0.0, 0.0, 1.0, 2.0 ], "autoUv": false },
								"south": { "texture": "#plain", "uv": [ 0.0, 0.0, 4.0, 2.0 ], "autoUv": false },
								"west": { "texture": "#plain", "uv": [ 0.0, 0.0, 1.0, 2.0 ], "autoUv": false },
								"up": { "texture": "#plain", "uv": [ 0.0, 0.0, 4.0, 1.0 ], "autoUv": false },
								"down": { "texture": "#plain", "uv": [ 0.0, 0.0, 4.0, 1.0 ], "autoUv": false }
							},
							"children": [
								{
									"name": "Strap bulge L",
									"from": [ 0.0, -0.24, -0.4 ],
									"to": [ 3.2, 1.04, 1.2 ],
									"rotationOrigin": [ 0.0, -0.24, -0.4 ],
									"faces": {
										"north": { "texture": "#plain", "uv": [ 0.0, 0.0, 4.0, 1.5 ], "autoUv": false },
										"east": { "texture": "#plain", "uv": [ 0.0, 0.0, 2.0, 1.5 ], "autoUv": false },
										"south": { "texture": "#plain", "uv": [ 0.0, 0.0, 4.0, 1.5 ], "autoUv": false },
										"west": { "texture": "#plain", "uv": [ 0.0, 0.0, 2.0, 1.5 ], "autoUv": false },
										"up": { "texture": "#plain", "uv": [ 0.0, 0.0, 4.0, 2.0 ], "autoUv": false },
										"down": { "texture": "#plain", "uv": [ 0.0, 0.0, 4.0, 2.0 ], "autoUv": false }
									}
								},
								{
									"name": "Ring L",
									"from": [ -0.4, 0.0, 0.0 ],
									"to": [ 3.6, 0.8, 0.8 ],
									"rotationOrigin": [ -0.4, 0.0, 0.4 ],
									"faces": {
										"north": { "texture": "#steel", "uv": [ 0.0, 0.0, 5.0, 1.0 ], "autoUv": false },
										"east": { "texture": "#steel", "uv": [ 0.0, 0.0, 1.0, 1.0 ], "autoUv": false },
										"south": { "texture": "#steel", "uv": [ 6.0, 7.5, 11.0, 8.5 ], "autoUv": false },
										"west": { "texture": "#steel", "uv": [ 0.0, 0.0, 1.0, 1.0 ], "autoUv": false },
										"up": { "texture": "#steel", "uv": [ 0.0, 0.0, 5.0, 1.0 ], "autoUv": false },
										"down": { "texture": "#steel", "uv": [ 0.0, 0.0, 5.0, 1.0 ], "autoUv": false }
									},
									"children": [
										{
											"name": "Ring L1",
											"from": [ 4.0, -3.2, 0.0 ],
											"to": [ 4.8, 0.0, 0.8 ],
											"rotationOrigin": [ 4.0, -3.2, 0.4 ],
											"faces": {
												"north": { "texture": "#steel", "uv": [ 0.0, 0.0, 1.0, 4.0 ], "autoUv": false },
												"east": { "texture": "#steel", "uv": [ 0.0, 0.0, 1.0, 4.0 ], "autoUv": false },
												"south": { "texture": "#steel", "uv": [ 0.0, 0.0, 1.0, 4.0 ], "autoUv": false },
												"west": { "texture": "#steel", "uv": [ 0.0, 0.0, 1.0, 4.0 ], "autoUv": false },
												"up": { "texture": "#steel", "uv": [ 0.0, 0.0, 1.0, 1.0 ], "autoUv": false },
												"down": { "texture": "#steel", "uv": [ 0.0, 0.0, 1.0, 1.0 ], "autoUv": false }
											}
										},
										{
											"name": "Ring L2",
											"from": [ -0.8, -3.2, 0.0 ],
											"to": [ 0.0, 0.0, 0.8 ],
											"rotationOrigin": [ -0.8, -3.2, 0.4 ],
											"faces": {
												"north": { "texture": "#steel", "uv": [ 0.0, 0.0, 1.0, 4.0 ], "autoUv": false },
												"east": { "texture": "#steel", "uv": [ 0.0, 0.0, 1.0, 4.0 ], "autoUv": false },
												"south": { "texture": "#steel", "uv": [ 0.0, 0.0, 1.0, 4.0 ], "autoUv": false },
												"west": { "texture": "#steel", "uv": [ 0.0, 0.0, 1.0, 4.0 ], "autoUv": false },
												"up": { "texture": "#steel", "uv": [ 0.0, 0.0, 1.0, 1.0 ], "autoUv": false },
												"down": { "texture": "#steel", "uv": [ 0.0, 0.0, 1.0, 1.0 ], "autoUv": false }
											}
										},
										{
											"name": "Ring L3",
											"from": [ 0.0, -4.0, 0.0 ],
											"to": [ 4.0, -3.2, 0.8 ],
											"rotationOrigin": [ 0.0, -4.0, 0.4 ],
											"faces": {
												"north": { "texture": "#steel", "uv": [ 0.0, 0.0, 5.0, 1.0 ], "autoUv": false },
												"east": { "texture": "#steel", "uv": [ 0.0, 0.0, 1.0, 1.0 ], "autoUv": false },
												"south": { "texture": "#steel", "uv": [ 5.5, 7.0, 10.5, 8.0 ], "autoUv": false },
												"west": { "texture": "#steel", "uv": [ 0.0, 0.0, 1.0, 1.0 ], "autoUv": false },
												"up": { "texture": "#steel", "uv": [ 5.5, 7.5, 10.5, 8.5 ], "autoUv": false },
												"down": { "texture": "#steel", "uv": [ 0.0, 0.0, 5.0, 1.0 ], "autoUv": false }
											}
										}
									]
								},
								{
									"name": "Main strap bottom L",
									"from": [ 0.0, -15.8, 0.0 ],
									"to": [ 3.2, -4.2, 0.8 ],
									"rotationOrigin": [ 0.0, -15.8, 0.0 ],
									"faces": {
										"north": { "texture": "#plain", "uv": [ 0.0, 0.0, 4.0, 17.0 ], "autoUv": false },
										"east": { "texture": "#plain", "uv": [ 0.0, 0.0, 1.0, 16.0 ], "autoUv": false },
										"south": { "texture": "#plain", "uv": [ 0.0, 0.0, 16.0, 4.0 ], "rotation": 90, "autoUv": false },
										"west": { "texture": "#plain", "uv": [ 0.0, 0.0, 1.0, 16.0 ], "autoUv": false },
										"up": { "texture": "#plain", "uv": [ 0.0, 0.0, 4.0, 1.0 ], "autoUv": false },
										"down": { "texture": "#plain", "uv": [ 0.0, 0.0, 4.0, 1.0 ], "autoUv": false }
									},
									"children": [
										{
											"name": "Mainstrap  bulge  L",
											"from": [ 0.0, 11.56, -0.4 ],
											"to": [ 3.2, 12.84, 1.2 ],
											"rotationOrigin": [ 0.0, 11.56, -0.4 ],
											"faces": {
												"north": { "texture": "#plain", "uv": [ 0.0, 0.0, 4.0, 1.5 ], "autoUv": false },
												"east": { "texture": "#plain", "uv": [ 0.0, 0.0, 2.0, 1.5 ], "autoUv": false },
												"south": { "texture": "#plain", "uv": [ 0.0, 0.0, 4.0, 1.5 ], "autoUv": false },
												"west": { "texture": "#plain", "uv": [ 0.0, 0.0, 2.0, 1.5 ], "autoUv": false },
												"up": { "texture": "#plain", "uv": [ 0.0, 0.0, 4.0, 2.0 ], "autoUv": false },
												"down": { "texture": "#plain", "uv": [ 0.0, 0.0, 4.0, 2.0 ], "autoUv": false }
											}
										},
										{
											"name": "Mainstrap  bulge  L1",
											"from": [ 0.0, -4.0, 0.0 ],
											"to": [ 3.2, 0.0, 0.8 ],
											"rotationOrigin": [ 0.0, 0.0, 0.8 ],
											"rotationX": 42.0,
											"faces": {
												"north": { "texture": "#plain", "uv": [ 0.0, 0.0, 4.0, 5.0 ], "autoUv": false },
												"east": { "texture": "#plain", "uv": [ 0.0, 0.0, 1.0, 5.0 ], "autoUv": false },
												"south": { "texture": "#plain", "uv": [ 0.0, 0.0, 5.0, 4.0 ], "rotation": 90, "autoUv": false },
												"west": { "texture": "#plain", "uv": [ 0.0, 0.0, 1.0, 5.0 ], "autoUv": false },
												"up": { "texture": "#plain", "uv": [ 0.0, 0.0, 4.0, 1.0 ], "autoUv": false },
												"down": { "texture": "#plain", "uv": [ 0.0, 0.0, 4.0, 1.0 ], "autoUv": false }
											},
											"children": [
												{
													"name": "Mainstrap  bulge  L2",
													"from": [ 0.0, -6.672, -2.952 ],
													"to": [ 3.2, 1.328, -2.152 ],
													"rotationOrigin": [ 0.0, -2.6749, -2.1514 ],
													"rotationX": 47.0,
													"faces": {
														"north": { "texture": "#plain", "uv": [ 0.0, 0.0, 4.0, 10.0 ], "autoUv": false },
														"east": { "texture": "#plain", "uv": [ 0.0, 0.0, 1.0, 10.0 ], "autoUv": false },
														"south": { "texture": "#plain", "uv": [ 0.0, 0.0, 10.0, 4.0 ], "rotation": 90, "autoUv": false },
														"west": { "texture": "#plain", "uv": [ 0.0, 0.0, 1.0, 10.0 ], "autoUv": false },
														"up": { "texture": "#plain", "uv": [ 0.0, 0.0, 4.0, 1.0 ], "autoUv": false },
														"down": { "texture": "#plain", "uv": [ 0.0, 0.0, 4.0, 1.0 ], "autoUv": false }
													}
												}
											]
										}
									]
								}
							]
						},
						{
							"name": "Main strap top R",
							"from": [ 4.0, -6.4, -4.68 ],
							"to": [ 7.2, -4.8, -3.88 ],
							"rotationOrigin": [ 4.0, -6.4, 44.92 ],
							"faces": {
								"north": { "texture": "#plain", "uv": [ 0.0, 0.0, 4.0, 2.0 ], "autoUv": false },
								"east": { "texture": "#plain", "uv": [ 0.0, 0.0, 1.0, 2.0 ], "autoUv": false },
								"south": { "texture": "#plain", "uv": [ 0.0, 0.0, 4.0, 2.0 ], "autoUv": false },
								"west": { "texture": "#plain", "uv": [ 0.0, 0.0, 1.0, 2.0 ], "autoUv": false },
								"up": { "texture": "#plain", "uv": [ 0.0, 0.0, 4.0, 1.0 ], "autoUv": false },
								"down": { "texture": "#plain", "uv": [ 0.0, 0.0, 4.0, 1.0 ], "autoUv": false }
							},
							"children": [
								{
									"name": "Strap bulge R",
									"from": [ 0.0, -0.24, -0.4 ],
									"to": [ 3.2, 0.96, 1.2 ],
									"rotationOrigin": [ 0.0, -0.24, -0.4 ],
									"faces": {
										"north": { "texture": "#plain", "uv": [ 0.0, 0.0, 4.0, 1.5 ], "autoUv": false },
										"east": { "texture": "#plain", "uv": [ 0.0, 0.0, 2.0, 1.5 ], "autoUv": false },
										"south": { "texture": "#plain", "uv": [ 0.0, 0.0, 4.0, 1.5 ], "autoUv": false },
										"west": { "texture": "#plain", "uv": [ 0.0, 0.0, 2.0, 1.5 ], "autoUv": false },
										"up": { "texture": "#plain", "uv": [ 0.0, 0.0, 4.0, 2.0 ], "autoUv": false },
										"down": { "texture": "#plain", "uv": [ 0.0, 0.0, 4.0, 2.0 ], "autoUv": false }
									}
								},
								{
									"name": "Ring R",
									"from": [ -0.4, 0.0, -0.24 ],
									"to": [ 3.6, 0.8, 0.56 ],
									"rotationOrigin": [ -0.4, 0.0, 32.16 ],
									"faces": {
										"north": { "texture": "#steel", "uv": [ 5.5, 9.0, 10.5, 10.0 ], "autoUv": false },
										"east": { "texture": "#steel", "uv": [ 0.0, 0.0, 1.0, 1.0 ], "autoUv": false },
										"south": { "texture": "#steel", "uv": [ 0.0, 0.0, 5.0, 1.0 ], "autoUv": false },
										"west": { "texture": "#steel", "uv": [ 0.0, 0.0, 1.0, 1.0 ], "autoUv": false },
										"up": { "texture": "#steel", "uv": [ 0.0, 0.0, 5.0, 1.0 ], "autoUv": false },
										"down": { "texture": "#steel", "uv": [ 0.0, 0.0, 5.0, 1.0 ], "autoUv": false }
									},
									"children": [
										{
											"name": "Ring R1",
											"from": [ 4.0, -3.2, 0.0 ],
											"to": [ 4.8, 0.0, 0.8 ],
											"rotationOrigin": [ 4.0, -3.2, 0.4 ],
											"faces": {
												"north": { "texture": "#steel", "uv": [ 0.0, 0.0, 1.0, 4.0 ], "autoUv": false },
												"east": { "texture": "#steel", "uv": [ 0.0, 0.0, 1.0, 4.0 ], "autoUv": false },
												"south": { "texture": "#steel", "uv": [ 0.0, 0.0, 1.0, 4.0 ], "autoUv": false },
												"west": { "texture": "#steel", "uv": [ 0.0, 0.0, 1.0, 4.0 ], "autoUv": false },
												"up": { "texture": "#steel", "uv": [ 0.0, 0.0, 1.0, 1.0 ], "autoUv": false },
												"down": { "texture": "#steel", "uv": [ 0.0, 0.0, 1.0, 1.0 ], "autoUv": false }
											}
										},
										{
											"name": "Ring R2",
											"from": [ -0.8, -3.2, 0.0 ],
											"to": [ 0.0, 0.0, 0.8 ],
											"rotationOrigin": [ -0.8, -3.2, 0.4 ],
											"faces": {
												"north": { "texture": "#steel", "uv": [ 0.0, 0.0, 1.0, 4.0 ], "autoUv": false },
												"east": { "texture": "#steel", "uv": [ 0.0, 0.0, 1.0, 4.0 ], "autoUv": false },
												"south": { "texture": "#steel", "uv": [ 0.0, 0.0, 1.0, 4.0 ], "autoUv": false },
												"west": { "texture": "#steel", "uv": [ 0.0, 0.0, 1.0, 4.0 ], "autoUv": false },
												"up": { "texture": "#steel", "uv": [ 0.0, 0.0, 1.0, 1.0 ], "autoUv": false },
												"down": { "texture": "#steel", "uv": [ 0.0, 0.0, 1.0, 1.0 ], "autoUv": false }
											}
										},
										{
											"name": "Ring R3",
											"from": [ 0.0, -4.0, 0.0 ],
											"to": [ 4.0, -3.2, 0.8 ],
											"rotationOrigin": [ 0.0, -4.0, 0.4 ],
											"faces": {
												"north": { "texture": "#steel", "uv": [ 5.5, 7.0, 10.5, 8.0 ], "autoUv": false },
												"east": { "texture": "#steel", "uv": [ 0.0, 0.0, 1.0, 1.0 ], "autoUv": false },
												"south": { "texture": "#steel", "uv": [ 5.0, 6.5, 10.0, 7.5 ], "autoUv": false },
												"west": { "texture": "#steel", "uv": [ 0.0, 0.0, 1.0, 1.0 ], "autoUv": false },
												"up": { "texture": "#steel", "uv": [ 5.5, 6.0, 10.5, 7.0 ], "autoUv": false },
												"down": { "texture": "#steel", "uv": [ 0.0, 0.0, 5.0, 1.0 ], "autoUv": false }
											}
										}
									]
								},
								{
									"name": "Main strap bottom L2",
									"from": [ 3.2, -15.8, 0.88 ],
									"to": [ 6.4, -4.2, 1.68 ],
									"rotationOrigin": [ 3.2, -15.8, 0.88 ],
									"rotationX": -180.0,
									"rotationZ": -180.0,
									"faces": {
										"north": { "texture": "#plain", "uv": [ 0.0, 0.0, 4.0, 17.0 ], "autoUv": false },
										"east": { "texture": "#plain", "uv": [ 0.0, 0.0, 1.0, 16.0 ], "autoUv": false },
										"south": { "texture": "#plain", "uv": [ 0.0, 0.0, 16.0, 4.0 ], "rotation": 90, "autoUv": false },
										"west": { "texture": "#plain", "uv": [ 0.0, 0.0, 1.0, 16.0 ], "autoUv": false },
										"up": { "texture": "#plain", "uv": [ 0.0, 0.0, 4.0, 1.0 ], "autoUv": false },
										"down": { "texture": "#plain", "uv": [ 0.0, 0.0, 4.0, 1.0 ], "autoUv": false }
									},
									"children": [
										{
											"name": "Mainstrap  bulge  L3",
											"from": [ 0.0, 11.56, -0.4 ],
											"to": [ 3.2, 12.84, 1.2 ],
											"rotationOrigin": [ 0.0, 11.56, -0.4 ],
											"faces": {
												"north": { "texture": "#plain", "uv": [ 0.0, 0.0, 4.0, 1.5 ], "autoUv": false },
												"east": { "texture": "#plain", "uv": [ 0.0, 0.0, 2.0, 1.5 ], "autoUv": false },
												"south": { "texture": "#plain", "uv": [ 0.0, 0.0, 4.0, 1.5 ], "autoUv": false },
												"west": { "texture": "#plain", "uv": [ 0.0, 0.0, 2.0, 1.5 ], "autoUv": false },
												"up": { "texture": "#plain", "uv": [ 0.0, 0.0, 4.0, 2.0 ], "autoUv": false },
												"down": { "texture": "#plain", "uv": [ 0.0, 0.0, 4.0, 2.0 ], "autoUv": false }
											}
										},
										{
											"name": "Mainstrap  bulge  L4",
											"from": [ 0.0, -4.0, 0.0 ],
											"to": [ 3.2, 0.0, 0.8 ],
											"rotationOrigin": [ 0.0, 0.0, 0.8 ],
											"rotationX": 42.0,
											"faces": {
												"north": { "texture": "#plain", "uv": [ 0.0, 0.0, 4.0, 5.0 ], "autoUv": false },
												"east": { "texture": "#plain", "uv": [ 0.0, 0.0, 1.0, 5.0 ], "autoUv": false },
												"south": { "texture": "#plain", "uv": [ 0.0, 0.0, 5.0, 4.0 ], "rotation": 90, "autoUv": false },
												"west": { "texture": "#plain", "uv": [ 0.0, 0.0, 1.0, 5.0 ], "autoUv": false },
												"up": { "texture": "#plain", "uv": [ 0.0, 0.0, 4.0, 1.0 ], "autoUv": false },
												"down": { "texture": "#plain", "uv": [ 0.0, 0.0, 4.0, 1.0 ], "autoUv": false }
											},
											"children": [
												{
													"name": "Mainstrap  bulge  L5",
													"from": [ 0.0, -6.672, -2.952 ],
													"to": [ 3.2, 1.328, -2.152 ],
													"rotationOrigin": [ 0.0, -2.6749, -2.1514 ],
													"rotationX": 47.0,
													"faces": {
														"north": { "texture": "#plain", "uv": [ 0.0, 0.0, 4.0, 10.0 ], "autoUv": false },
														"east": { "texture": "#plain", "uv": [ 0.0, 0.0, 1.0, 10.0 ], "autoUv": false },
														"south": { "texture": "#plain", "uv": [ 0.0, 0.0, 10.0, 4.0 ], "rotation": 90, "autoUv": false },
														"west": { "texture": "#plain", "uv": [ 0.0, 0.0, 1.0, 10.0 ], "autoUv": false },
														"up": { "texture": "#plain", "uv": [ 0.0, 0.0, 4.0, 1.0 ], "autoUv": false },
														"down": { "texture": "#plain", "uv": [ 0.0, 0.0, 4.0, 1.0 ], "autoUv": false }
													}
												}
											]
										}
									]
								}
							]
						}
					]
				},
				{
					"name": "Leather square center2",
					"from": [ -14.4, 52.0, 1.6 ],
					"to": [ -4.0, 52.8, 11.2 ],
					"rotationOrigin": [ -14.4, 52.0, 1.6 ],
					"faces": {
						"north": { "texture": "#poor", "uv": [ 0.0, 0.0, 13.0, 1.0 ], "autoUv": false },
						"east": { "texture": "#poor", "uv": [ 0.0, 0.0, 12.0, 1.0 ], "autoUv": false },
						"south": { "texture": "#poor", "uv": [ 0.0, 0.0, 13.0, 1.0 ], "autoUv": false },
						"west": { "texture": "#poor", "uv": [ 0.0, 0.0, 12.0, 1.0 ], "autoUv": false },
						"up": { "texture": "#poor", "uv": [ 0.0, 0.0, 13.0, 12.0 ], "autoUv": false },
						"down": { "texture": "#poor", "uv": [ 0.0, 0.0, 13.0, 12.0 ], "autoUv": false }
					},
					"children": [
						{
							"name": "Leather square center L3",
							"from": [ 0.0, 0.0, 9.6 ],
							"to": [ 10.4, 0.8, 13.6 ],
							"rotationOrigin": [ 0.0, 0.8, 9.6 ],
							"rotationX": 17.0,
							"faces": {
								"north": { "texture": "#poor", "uv": [ 0.0, 0.0, 13.0, 1.0 ], "autoUv": false },
								"east": { "texture": "#poor", "uv": [ 0.0, 0.0, 5.0, 1.0 ], "autoUv": false },
								"south": { "texture": "#poor", "uv": [ 0.0, 0.0, 13.0, 1.0 ], "autoUv": false },
								"west": { "texture": "#poor", "uv": [ 0.0, 0.0, 5.0, 1.0 ], "autoUv": false },
								"up": { "texture": "#poor", "uv": [ 0.0, 0.0, 13.0, 5.0 ], "autoUv": false },
								"down": { "texture": "#poor", "uv": [ 0.0, 0.0, 13.0, 5.0 ], "autoUv": false }
							},
							"children": [
								{
									"name": "Leather square center L4",
									"from": [ 0.0, 0.0282, 3.9231 ],
									"to": [ 10.4, 0.8282, 7.9231 ],
									"rotationOrigin": [ 0.0, 0.8282, 3.9231 ],
									"rotationX": 61.0,
									"faces": {
										"north": { "texture": "#poor", "uv": [ 0.0, 0.0, 13.0, 1.0 ], "autoUv": false },
										"east": { "texture": "#poor", "uv": [ 0.0, 0.0, 5.0, 1.0 ], "autoUv": false },
										"south": { "texture": "#poor", "uv": [ 0.0, 0.0, 13.0, 1.0 ], "autoUv": false },
										"west": { "texture": "#poor", "uv": [ 0.0, 0.0, 5.0, 1.0 ], "autoUv": false },
										"up": { "texture": "#poor", "uv": [ 0.0, 0.0, 13.0, 5.0 ], "autoUv": false },
										"down": { "texture": "#poor", "uv": [ 0.0, 0.0, 13.0, 5.0 ], "autoUv": false }
									},
									"children": [
										{
											"name": "Leather square center L5",
											"from": [ 0.4, 0.0038, 4.0072 ],
											"to": [ 10.0, 0.8038, 4.8072 ],
											"rotationOrigin": [ 0.4, 0.8038, 4.0072 ],
											"rotationX": 26.0,
											"faces": {
												"north": { "texture": "#poor", "uv": [ 0.0, 0.0, 12.0, 1.0 ], "autoUv": false },
												"east": { "texture": "#poor", "uv": [ 0.0, 0.0, 1.0, 1.0 ], "autoUv": false },
												"south": { "texture": "#poor", "uv": [ 0.0, 0.0, 12.0, 1.0 ], "autoUv": false },
												"west": { "texture": "#poor", "uv": [ 0.0, 0.0, 1.0, 1.0 ], "autoUv": false },
												"up": { "texture": "#poor", "uv": [ 0.0, 0.0, 12.0, 1.0 ], "autoUv": false },
												"down": { "texture": "#poor", "uv": [ 0.0, 0.0, 12.0, 1.0 ], "autoUv": false }
											}
										}
									]
								}
							]
						},
						{
							"name": "Leather square center L6",
							"from": [ 0.0, 0.0, -4.0 ],
							"to": [ 10.4, 0.8, 0.0 ],
							"rotationOrigin": [ 0.0, 0.8, 0.0 ],
							"rotationX": -17.0,
							"faces": {
								"north": { "texture": "#poor", "uv": [ 0.0, 0.0, 13.0, 1.0 ], "autoUv": false },
								"east": { "texture": "#poor", "uv": [ 0.0, 0.0, 5.0, 1.0 ], "autoUv": false },
								"south": { "texture": "#poor", "uv": [ 0.0, 0.0, 13.0, 1.0 ], "autoUv": false },
								"west": { "texture": "#poor", "uv": [ 0.0, 0.0, 5.0, 1.0 ], "autoUv": false },
								"up": { "texture": "#poor", "uv": [ 0.0, 0.0, 13.0, 5.0 ], "autoUv": false },
								"down": { "texture": "#poor", "uv": [ 0.0, 0.0, 13.0, 5.0 ], "autoUv": false }
							},
							"children": [
								{
									"name": "Leather square center L7",
									"from": [ 0.0, 0.0282, -4.08 ],
									"to": [ 10.4, 0.8282, -0.08 ],
									"rotationOrigin": [ 0.0, 0.8282, -0.08 ],
									"rotationX": -61.0,
									"faces": {
										"north": { "texture": "#poor", "uv": [ 0.0, 0.0, 13.0, 1.0 ], "autoUv": false },
										"east": { "texture": "#poor", "uv": [ 0.0, 0.0, 5.0, 1.0 ], "autoUv": false },
										"south": { "texture": "#poor", "uv": [ 0.0, 0.0, 13.0, 1.0 ], "autoUv": false },
										"west": { "texture": "#poor", "uv": [ 0.0, 0.0, 5.0, 1.0 ], "autoUv": false },
										"up": { "texture": "#poor", "uv": [ 0.0, 0.0, 13.0, 5.0 ], "autoUv": false },
										"down": { "texture": "#poor", "uv": [ 0.0, 0.0, 13.0, 5.0 ], "autoUv": false }
									},
									"children": [
										{
											"name": "Leather square center L8",
											"from": [ 0.4, 0.0, -0.792 ],
											"to": [ 10.0, 0.8, 0.008 ],
											"rotationOrigin": [ 0.4, 0.8038, 0.008 ],
											"rotationX": -26.0,
											"faces": {
												"north": { "texture": "#poor", "uv": [ 0.0, 0.0, 12.0, 1.0 ], "autoUv": false },
												"east": { "texture": "#poor", "uv": [ 0.0, 0.0, 1.0, 1.0 ], "autoUv": false },
												"south": { "texture": "#poor", "uv": [ 0.0, 0.0, 12.0, 1.0 ], "autoUv": false },
												"west": { "texture": "#poor", "uv": [ 0.0, 0.0, 1.0, 1.0 ], "autoUv": false },
												"up": { "texture": "#poor", "uv": [ 0.0, 0.0, 12.0, 1.0 ], "autoUv": false },
												"down": { "texture": "#poor", "uv": [ 0.0, 0.0, 12.0, 1.0 ], "autoUv": false }
											}
										}
									]
								}
							]
						}
					]
				},
				{
					"name": "Main Saddle bottom",
					"from": [ -13.6, 52.0, 3.2 ],
					"to": [ -4.8, 53.6, 9.6 ],
					"rotationOrigin": [ -13.6, 52.0, 3.2 ],
					"faces": {
						"north": { "texture": "#plain", "uv": [ 0.0, 0.0, 11.0, 2.0 ], "autoUv": false },
						"east": { "texture": "#plain", "uv": [ 0.0, 0.0, 8.0, 2.0 ], "autoUv": false },
						"south": { "texture": "#plain", "uv": [ 0.0, 0.0, 11.0, 2.0 ], "autoUv": false },
						"west": { "texture": "#plain", "uv": [ 0.0, 0.0, 8.0, 2.0 ], "autoUv": false },
						"up": { "texture": "#plain", "uv": [ 0.0, 0.0, 11.0, 8.0 ], "autoUv": false },
						"down": { "texture": "#plain", "uv": [ 0.0, 0.0, 11.0, 8.0 ], "autoUv": false }
					},
					"children": [
						{
							"name": "Saddle Front Out",
							"from": [ -1.6, 0.8, 0.8 ],
							"to": [ -0.4, 6.4, 5.6 ],
							"rotationOrigin": [ -1.6, 0.8, 0.8 ],
							"rotationZ": 11.0,
							"faces": {
								"north": { "texture": "#plain", "uv": [ 0.0, 0.0, 1.5, 7.0 ], "autoUv": false },
								"east": { "texture": "#plain", "uv": [ 0.0, 0.0, 6.0, 7.0 ], "autoUv": false },
								"south": { "texture": "#plain", "uv": [ 0.0, 0.0, 1.5, 7.0 ], "autoUv": false },
								"west": { "texture": "#plain", "uv": [ 0.0, 0.0, 16.0, 16.0 ], "rotation": 90, "autoUv": false },
								"up": { "texture": "#plain", "uv": [ 0.0, 0.0, 1.5, 6.0 ], "autoUv": false },
								"down": { "texture": "#plain", "uv": [ 0.0, 0.0, 1.5, 6.0 ], "autoUv": false }
							},
							"children": [
								{
									"name": "Saddle Front In",
									"from": [ 0.8, 0.0, -1.6 ],
									"to": [ 2.0, 4.0, 6.4 ],
									"rotationOrigin": [ 0.8, 0.0, -1.6 ],
									"rotationZ": 8.0,
									"faces": {
										"north": { "texture": "#plain", "uv": [ 0.0, 0.0, 1.5, 5.0 ], "autoUv": false },
										"east": { "texture": "#plain", "uv": [ 0.0, 0.0, 5.0, 10.0 ], "autoUv": false },
										"south": { "texture": "#plain", "uv": [ 0.0, 0.0, 1.5, 5.0 ], "autoUv": false },
										"west": { "texture": "#plain", "uv": [ 0.0, 0.0, 10.0, 5.0 ], "autoUv": false },
										"up": { "texture": "#plain", "uv": [ 0.0, 0.0, 1.5, 10.0 ], "autoUv": false },
										"down": { "texture": "#plain", "uv": [ 0.0, 0.0, 1.5, 10.0 ], "autoUv": false }
									}
								},
								{
									"name": "Saddle Front In2",
									"from": [ 0.0, -0.8, -2.4 ],
									"to": [ 1.6, 0.0, 7.2 ],
									"rotationOrigin": [ 0.0, -0.8, -2.4 ],
									"rotationZ": -8.0,
									"faces": {
										"north": { "texture": "#black", "uv": [ 0.0, 0.0, 2.0, 1.0 ], "autoUv": false },
										"east": { "texture": "#black", "uv": [ 0.0, 0.0, 12.0, 1.0 ], "autoUv": false },
										"south": { "texture": "#black", "uv": [ 0.0, 0.0, 2.0, 1.0 ], "autoUv": false },
										"west": { "texture": "#black", "uv": [ 0.0, 0.0, 12.0, 1.0 ], "autoUv": false },
										"up": { "texture": "#black", "uv": [ 0.0, 0.0, 2.0, 12.0 ], "autoUv": false },
										"down": { "texture": "#black", "uv": [ 0.0, 0.0, 2.0, 12.0 ], "autoUv": false }
									}
								},
								{
									"name": "Saddle Front In3",
									"from": [ 9.6, -2.4, -2.4 ],
									"to": [ 11.2, -1.6, 7.2 ],
									"rotationOrigin": [ 9.6, -2.4, -1.6 ],
									"rotationZ": -8.0,
									"faces": {
										"north": { "texture": "#black", "uv": [ 0.0, 0.0, 2.0, 1.0 ], "autoUv": false },
										"east": { "texture": "#black", "uv": [ 0.0, 0.0, 12.0, 1.0 ], "autoUv": false },
										"south": { "texture": "#black", "uv": [ 0.0, 0.0, 2.0, 1.0 ], "autoUv": false },
										"west": { "texture": "#black", "uv": [ 0.0, 0.0, 12.0, 1.0 ], "autoUv": false },
										"up": { "texture": "#black", "uv": [ 0.0, 0.0, 2.0, 12.0 ], "autoUv": false },
										"down": { "texture": "#black", "uv": [ 0.0, 0.0, 2.0, 12.0 ], "autoUv": false }
									}
								}
							]
						},
						{
							"name": "Saddle Back In",
							"from": [ 7.2, 0.8, -0.4 ],
							"to": [ 8.4, 4.8, 6.8 ],
							"rotationOrigin": [ 7.2, 0.8, -0.4 ],
							"faces": {
								"north": { "texture": "#plain", "uv": [ 0.0, 0.0, 1.5, 5.0 ], "autoUv": false },
								"east": { "texture": "#plain", "uv": [ 0.0, 0.0, 9.0, 5.0 ], "autoUv": false },
								"south": { "texture": "#plain", "uv": [ 0.0, 0.0, 1.5, 5.0 ], "autoUv": false },
								"west": { "texture": "#plain", "uv": [ 0.0, 0.0, 9.0, 5.0 ], "autoUv": false },
								"up": { "texture": "#plain", "uv": [ 0.0, 0.0, 1.5, 9.0 ], "autoUv": false },
								"down": { "texture": "#plain", "uv": [ 0.0, 0.0, 1.5, 9.0 ], "autoUv": false }
							},
							"children": [
								{
									"name": "Saddle Back Out",
									"from": [ 0.8, 0.0, 0.56 ],
									"to": [ 2.0, 8.0, 6.96 ],
									"rotationOrigin": [ 0.8, 0.0, 0.56 ],
									"faces": {
										"north": { "texture": "#plain", "uv": [ 0.0, 0.0, 1.5, 10.0 ], "autoUv": false },
										"east": { "texture": "#plain", "uv": [ 0.0, 0.0, 8.0, 10.0 ], "autoUv": false },
										"south": { "texture": "#plain", "uv": [ 0.0, 0.0, 1.5, 10.0 ], "autoUv": false },
										"west": { "texture": "#plain", "uv": [ 0.0, 0.0, 8.0, 10.0 ], "autoUv": false },
										"up": { "texture": "#plain", "uv": [ 0.0, 0.0, 1.5, 8.0 ], "autoUv": false },
										"down": { "texture": "#plain", "uv": [ 0.0, 0.0, 1.5, 8.0 ], "autoUv": false }
									}
								}
							]
						},
						{
							"name": "Saddle Back In2",
							"from": [ 7.2, 0.8, -2.8 ],
							"to": [ 8.0, 4.0, 0.4 ],
							"rotationOrigin": [ 7.2, 0.8, 0.4 ],
							"rotationY": 55.0,
							"faces": {
								"north": { "texture": "#plain", "uv": [ 0.0, 0.0, 1.0, 4.0 ], "autoUv": false },
								"east": { "texture": "#plain", "uv": [ 0.0, 0.0, 4.0, 4.0 ], "autoUv": false },
								"south": { "texture": "#plain", "uv": [ 0.0, 0.0, 1.0, 4.0 ], "autoUv": false },
								"west": { "texture": "#plain", "uv": [ 0.0, 0.0, 4.0, 4.0 ], "autoUv": false },
								"up": { "texture": "#plain", "uv": [ 0.0, 0.0, 1.0, 4.0 ], "autoUv": false },
								"down": { "texture": "#plain", "uv": [ 0.0, 0.0, 1.0, 4.0 ], "autoUv": false }
							}
						},
						{
							"name": "Saddle Back In3",
							"from": [ 6.4, 0.8, 2.8 ],
							"to": [ 7.2, 4.0, 6.0 ],
							"rotationOrigin": [ 7.2, 0.8, 6.0 ],
							"rotationY": 130.0,
							"faces": {
								"north": { "texture": "#plain", "uv": [ 0.0, 0.0, 1.0, 4.0 ], "autoUv": false },
								"east": { "texture": "#plain", "uv": [ 0.0, 0.0, 4.0, 4.0 ], "autoUv": false },
								"south": { "texture": "#plain", "uv": [ 0.0, 0.0, 1.0, 4.0 ], "autoUv": false },
								"west": { "texture": "#plain", "uv": [ 0.0, 0.0, 4.0, 4.0 ], "autoUv": false },
								"up": { "texture": "#plain", "uv": [ 0.0, 0.0, 1.0, 4.0 ], "autoUv": false },
								"down": { "texture": "#plain", "uv": [ 0.0, 0.0, 1.0, 4.0 ], "autoUv": false }
							}
						}
					]
				},
				{
					"name": "Leather square center",
					"from": [ -15.2, 51.2, 1.6 ],
					"to": [ -3.2, 52.0, 11.2 ],
					"rotationOrigin": [ -15.2, 51.2, 1.6 ],
					"faces": {
						"north": { "texture": "#plain", "uv": [ 0.0, 0.0, 15.0, 1.0 ], "autoUv": false },
						"east": { "texture": "#plain", "uv": [ 0.0, 0.0, 12.0, 1.0 ], "autoUv": false },
						"south": { "texture": "#plain", "uv": [ 0.0, 0.0, 15.0, 1.0 ], "autoUv": false },
						"west": { "texture": "#plain", "uv": [ 0.0, 0.0, 12.0, 1.0 ], "autoUv": false },
						"up": { "texture": "#plain", "uv": [ 0.0, 0.0, 15.0, 12.0 ], "autoUv": false },
						"down": { "texture": "#plain", "uv": [ 0.0, 0.0, 15.0, 12.0 ], "autoUv": false }
					},
					"children": [
						{
							"name": "Leather square center L",
							"from": [ 0.0, 0.0, 9.6 ],
							"to": [ 12.0, 0.8, 13.6 ],
							"rotationOrigin": [ 0.0, 0.8, 9.6 ],
							"rotationX": 17.0,
							"faces": {
								"north": { "texture": "#plain", "uv": [ 0.0, 0.0, 15.0, 1.0 ], "autoUv": false },
								"east": { "texture": "#plain", "uv": [ 0.0, 0.0, 5.0, 1.0 ], "autoUv": false },
								"south": { "texture": "#plain", "uv": [ 0.0, 0.0, 15.0, 1.0 ], "autoUv": false },
								"west": { "texture": "#plain", "uv": [ 0.0, 0.0, 5.0, 1.0 ], "autoUv": false },
								"up": { "texture": "#plain", "uv": [ 0.0, 0.0, 15.0, 5.0 ], "autoUv": false },
								"down": { "texture": "#plain", "uv": [ 0.0, 0.0, 15.0, 5.0 ], "autoUv": false }
							},
							"children": [
								{
									"name": "Leather square center L1",
									"from": [ 0.0, 0.0282, 3.9231 ],
									"to": [ 12.0, 0.8282, 7.9231 ],
									"rotationOrigin": [ 0.0, 0.8282, 3.9231 ],
									"rotationX": 69.0,
									"faces": {
										"north": { "texture": "#plain", "uv": [ 0.0, 0.0, 15.0, 1.0 ], "autoUv": false },
										"east": { "texture": "#plain", "uv": [ 0.0, 0.0, 5.0, 1.0 ], "autoUv": false },
										"south": { "texture": "#plain", "uv": [ 0.0, 0.0, 15.0, 1.0 ], "autoUv": false },
										"west": { "texture": "#plain", "uv": [ 0.0, 0.0, 5.0, 1.0 ], "autoUv": false },
										"up": { "texture": "#plain", "uv": [ 0.0, 0.0, 15.0, 5.0 ], "autoUv": false },
										"down": { "texture": "#plain", "uv": [ 0.0, 0.0, 15.0, 5.0 ], "autoUv": false }
									},
									"children": [
										{
											"name": "Leather square center L2",
											"from": [ 0.4, 0.0038, 4.0072 ],
											"to": [ 11.6, 0.8038, 4.8072 ],
											"rotationOrigin": [ 0.4, 0.8038, 4.0072 ],
											"rotationX": 26.0,
											"faces": {
												"north": { "texture": "#plain", "uv": [ 0.0, 0.0, 14.0, 1.0 ], "autoUv": false },
												"east": { "texture": "#plain", "uv": [ 0.0, 0.0, 1.0, 1.0 ], "autoUv": false },
												"south": { "texture": "#plain", "uv": [ 0.0, 0.0, 14.0, 1.0 ], "autoUv": false },
												"west": { "texture": "#plain", "uv": [ 0.0, 0.0, 1.0, 1.0 ], "autoUv": false },
												"up": { "texture": "#plain", "uv": [ 0.0, 0.0, 14.0, 1.0 ], "autoUv": false },
												"down": { "texture": "#plain", "uv": [ 0.0, 0.0, 14.0, 1.0 ], "autoUv": false }
											}
										}
									]
								}
							]
						},
						{
							"name": "Leather square center L9",
							"from": [ 0.0, 0.0, -4.0 ],
							"to": [ 12.0, 0.8, 0.0 ],
							"rotationOrigin": [ 0.0, 0.8, 0.0 ],
							"rotationX": -17.0,
							"faces": {
								"north": { "texture": "#plain", "uv": [ 0.0, 0.0, 15.0, 1.0 ], "autoUv": false },
								"east": { "texture": "#plain", "uv": [ 0.0, 0.0, 5.0, 1.0 ], "autoUv": false },
								"south": { "texture": "#plain", "uv": [ 0.0, 0.0, 15.0, 1.0 ], "autoUv": false },
								"west": { "texture": "#plain", "uv": [ 0.0, 0.0, 5.0, 1.0 ], "autoUv": false },
								"up": { "texture": "#plain", "uv": [ 0.0, 0.0, 15.0, 5.0 ], "autoUv": false },
								"down": { "texture": "#plain", "uv": [ 0.0, 0.0, 15.0, 5.0 ], "autoUv": false }
							},
							"children": [
								{
									"name": "Leather square center L10",
									"from": [ 0.0, 0.0282, -4.08 ],
									"to": [ 12.0, 0.8282, -0.08 ],
									"rotationOrigin": [ 0.0, 0.8282, -0.08 ],
									"rotationX": -69.0,
									"faces": {
										"north": { "texture": "#plain", "uv": [ 0.0, 0.0, 15.0, 1.0 ], "autoUv": false },
										"east": { "texture": "#plain", "uv": [ 0.0, 0.0, 5.0, 1.0 ], "autoUv": false },
										"south": { "texture": "#plain", "uv": [ 0.0, 0.0, 15.0, 1.0 ], "autoUv": false },
										"west": { "texture": "#plain", "uv": [ 0.0, 0.0, 5.0, 1.0 ], "autoUv": false },
										"up": { "texture": "#plain", "uv": [ 0.0, 0.0, 15.0, 5.0 ], "autoUv": false },
										"down": { "texture": "#plain", "uv": [ 0.0, 0.0, 15.0, 5.0 ], "autoUv": false }
									},
									"children": [
										{
											"name": "Leather square center L11",
											"from": [ 0.4, 0.0038, -0.792 ],
											"to": [ 11.6, 0.8038, 0.008 ],
											"rotationOrigin": [ 0.4, 0.8038, 0.008 ],
											"rotationX": -26.0,
											"faces": {
												"north": { "texture": "#plain", "uv": [ 0.0, 0.0, 14.0, 1.0 ], "autoUv": false },
												"east": { "texture": "#plain", "uv": [ 0.0, 0.0, 1.0, 1.0 ], "autoUv": false },
												"south": { "texture": "#plain", "uv": [ 0.0, 0.0, 14.0, 1.0 ], "autoUv": false },
												"west": { "texture": "#plain", "uv": [ 0.0, 0.0, 1.0, 1.0 ], "autoUv": false },
												"up": { "texture": "#plain", "uv": [ 0.0, 0.0, 14.0, 1.0 ], "autoUv": false },
												"down": { "texture": "#plain", "uv": [ 0.0, 0.0, 14.0, 1.0 ], "autoUv": false }
											}
										}
									]
								}
							]
						}
					]
				}
			]
		}
	],
	"animations": [
	]
}