{
	"code": "abelisauridae",
	"class": "EntityAgent",
	"variantgroups": [
		{"code": "type","states": ["pycnonemosaurus", "ekrixinatosaurus", "carnotaurus", "chenanisaurus", "rajasaurus", "skorpiovenator", "majungasaurus", "abelisaurus", "xenotarsosaurus", "aucasaurus","rahiolisaurus", "arcovenator","rugops","dahalokely", "ilokelesia", "viavenator", "tarascosaurus", "thanos"]},
		{ "code": "age", "states": ["nest"] },
		{ "code": "state", "states": ["incubating","mature","empty"] }
	],
	"selectionBoxSizeByType": {
		"*": {"x": 1,"y": 0.5}
	},
	"collisionBoxSizeByType": {
		"*": {"x": 1,"y": 0.5}
	},
	"deadSelectionBoxSizeByType": {
		"*": {"x": 1,"y": 0.5}
	},
	"knockbackResistanceByType": {
		"*": 10.0
	},
	"eyeHeight": 0.6,
	"weightByType": {
		"*": 100
	},
	"drops": [],
	"attributes": {
		"handbook": {"groupcode": "creaturegroup-nest"},
	},
	"client": {
		"renderer": "Shape",
		"shapeByType": {
			"*-nest-empty": { "base": "entity/land/nest-empty" },
            "*": { "base": "entity/land/nest" },

		},
		"sizeByType": {
			"*": 1
		},
		"behaviors": [
			{
				"code": "controlledphysics",
				"stepHeight": 0
			},
			{ "code": "interpolateposition" },
			{"code": "despawn","minPlayerDistance": 8,"belowLightLevel": 8,"minSeconds": 300},
			{
				"code": "floatupwhenstuck",
				"onlyWhenDead": true
			},
			{ "code": "harvestable" }

		],
		"animations": [
			{"code": "die","animation": "Die","animationSpeed": 2.00,"weight": 10,"blendMode": "Average","triggeredBy": { "onControls": [ "dead" ] }},
			{"code": "idle","animation": "Idle","blendMode": "AddAverage","easeOutSpeed": 4,"triggeredBy": { "defaultAnim": true }},
			{"code": "sleep","animation": "Sleep","easeInSpeed": 4,"easeOutSpeed": 4,"blendMode": "Average"}
		]
	},
	"server": {
		"attributes": {
		},
		"behaviors": [
			{
				"code": "controlledphysics",
				"stepHeight": 0
			},
			{"code": "despawn","minPlayerDistance": 8,"belowLightLevel": 8,"minSeconds": 300},
			{
				"code": "health",
				"maxhealthByType": {
					"*": 20
				}
			},
			{
				"code": "deaddecay",
				"hoursToDecay": 24
			},
			{
				"code": "floatupwhenstuck",
				"onlyWhenDead": true
			},
			{
				"code": "harvestable",
				"drops": [
					{
						"type": "item",
						"code": "game:stick",
						"quantityByType": {
							"*": {"avg": 6,"var": 4}
						}
					},
					{
						"type": "item",
						"code": "abelisauridae:creature-abelisauridae-{type}-egg-raw",
						"quantityByType": {
							"*-incubating": {"avg": 10,"var": 20, "dist":"gaussian"},
							"*":{"avg": 0,"var": 0}
						}
					},
				]
			},
			{
				"code": "grow",
				"enabledByType": {
					"*-empty": false,
					"*": true
				},
				"hoursToGrowByType": {"*-incubating": 160,"*-mature": 2},
				"adultEntityCodesByType": {
					"*-incubating": ["abelisauridae:abelisauridae-{type}-nest-mature"],
					"*-mature": ["abelisauridae:abelisauridae-{type}-nest-empty"]
				}
			},
			{"code": "emotionstates","states": []},
			{
				"code": "taskai",
				"aitasks": [
					{
						"code": "bellalarm",
						"animation": "Idle",
						"enabledByType": {"*-mature": true,"*": false},
						"onNearbyEntityCodes": ["player"],
						"spawnMobs": [
							"abelisauridae:abelisauridae-{type}-baby-female",
							"abelisauridae:abelisauridae-{type}-baby-male"
						],
						"spawnMaxQuantity": 5,
						"spawnIntervalMsMin": 1000,
						"spawnIntervalMsMax": 4000,
						"spawnRange": 0.5,
						"seekingRange": 100,
						"priority": 1.9,
						"minduration": 2000,
						"maxduration": 8000,
						"mincooldown": 6000,
						"maxcooldown": 12000,
						"animationSpeed": 2.0
					},
					{
						"code": "idle",
						"animation": "Idle",
						"priority": 0.5,
						"minduration": 180000,
						"maxduration": 240000,
						"mincooldown": 3000,
						"maxcooldown": 3000
					},
				]
			}

		],
		"spawnconditions": {
            "worldgen": {
				"chanceByType": {"*-empty": 0.0},
				"triesPerChunkByType": {"*-incubating":{ "avg": 0.001, "var": 0}},
				"maxQuantityByGroup": { "code": "abelisauridae-*", "maxQuantity": 1 },
                "tryOnlySurface": true,
                "insideBlockCodes": [
                    "game:air",
                    "game:tallgrass-*",
                    "game:gravel-*",
                    "game:sand-*",
                    "game:snowlayer-1",
                    "game:soil-*"
                ],
                "groupSizeByType": {
					"*": { "dist": "uniform", "avg": 1, "var": 0 }
				},
                "*":["abelisauridae:abelisauridae-{type}-adult-female","abelisauridae:abelisauridae-{type}-adult-male"]},

			"runtime": {
				"group": "neutral",
				"tryOnlySurface": true,
				"chanceByType": {"*-incubating": 0.00001,"*": 0.0},
				"TriesPerChunk": { "avg": 0.0, "var": 0 },
				"maxQuantityByGroup": {"code": "abelisauridae-*",	"maxQuantity": 1},
				"mindistancetoplayer": 100,
				"maxLightLevel": 7,
				"lightLevelType": "onlyBlockLight",
				"spawnCapPlayerScaling": 0.0,
				"groupSizeByType": {
					"*": { "dist": "uniform", "avg": 1, "var": 0 }
				},
				"insideBlockCodes": [
                    "game:air",
                    "game:tallgrass-*",
                    "game:gravel-*",
                    "game:sand-*",
                    "game:snowlayer-1",
                    "game:soil-*"
                ],
				"companionsByType": {
				"*":["abelisauridae:abelisauridae-{type}-adult-female","abelisauridae:abelisauridae-{type}-adult-male"]}
			}
		},
		"spawnconditionsByType": {
			"*-pycnonemosaurus-*": {
				"climate": {
					"minTemp": 17,
					"maxTemp": 34,
					"minRain": 0.2,
					"maxRain": 1,
					"minForestOrShrubs": 0.4,
					"maxForest": 1,
					"maxShrubs": 0.6,
					"minY": 0.9,
					"maxY": 1.2
				},
			},
    "*-ekrixinatosaurus-nest-incubating": {
				"climate": {
					"minTemp": 15,
					"maxTemp": 32,
					"minRain": 0.1,
					"maxRain": 1,
					"minForestOrShrubs": 0.1,
					"maxForest": 1,
					"maxShrubs": 0.5,
					"minY": 0.9,
					"maxY": 1.1
				},
			},
    "*-carnotaurus-nest-incubating": {
				"climate": {
					"minTemp": 19,
					"maxTemp": 36,
					"minRain": 0.3,
					"maxRain": 1,
					"minForestOrShrubs": 0.3,
					"maxForest": 1,
					"maxShrubs": 0.7,
					"minY": 0.9,
					"maxY": 1.3
				},
			},
    "*-chenanisaurus-nest-incubating": {
				"climate": {
					"minTemp": 17,
					"maxTemp": 35,
					"minRain": 0.2,
					"maxRain": 1,
					"minForestOrShrubs": 0.2,
					"maxForest": 1,
					"maxShrubs": 0.6,
					"minY": 0.9,
					"maxY": 1.2
				},
			},
    "*-rajasaurus-nest-incubating": {
				"climate": {
					"minTemp": 21,
					"maxTemp": 38,
					"minRain": 0.4,
					"maxRain": 1,
					"minForestOrShrubs": 0.4,
					"maxForest": 1,
					"maxShrubs": 0.7,
					"minY": 0.9,
					"maxY": 1.2
				},
			},
    "*-abelisaurus-nest-incubating": {
				"climate": {
					"minTemp": 17,
					"maxTemp": 34,
					"minRain": 0.2,
					"maxRain": 1,
					"minForestOrShrubs": 0.2,
					"maxForest": 1,
					"maxShrubs": 0.6,
					"minY": 0.9,
					"maxY": 1.2
				},
			},
    "*-majungasaurus-nest-incubating": {
				"climate": {
					"minTemp": 19,
					"maxTemp": 36,
					"minRain": 0.3,
					"maxRain": 1,
					"minForestOrShrubs": 0.3,
					"maxForest": 1,
					"maxShrubs": 0.7,
					"minY": 0.9,
					"maxY": 1.1
				},
			},
    "*-skorpiovenator-nest-incubating": {
				"climate": {
					"minTemp": 17,
					"maxTemp": 34,
					"minRain": 0.2,
					"maxRain": 1,
					"minForestOrShrubs": 0.2,
					"maxForest": 1,
					"maxShrubs": 0.6,
					"minY": 0.9,
					"maxY": 1.2
				},
			},
    "*-xenotarsosaurus-nest-incubating": {
				"climate": {
					"minTemp": 15,
					"maxTemp": 32,
					"minRain": 0.1,
					"maxRain": 1,
					"minForestOrShrubs": 0.1,
					"maxForest": 1,
					"maxShrubs": 0.5,
					"minY": 0.9,
					"maxY": 1.1
				},
			},
    "*-rahiolisaurus-nest-incubating": {
				"climate": {
					"minTemp": 21,
					"maxTemp": 38,
					"minRain": 0.3,
					"maxRain": 1,
					"minForestOrShrubs": 0.4,
					"maxForest": 1,
					"maxShrubs": 0.7,
					"minY": 0.9,
					"maxY": 1.3
				},
			},
    "*-arcovenator-nest-incubating": {
				"climate": {
					"minTemp": 15,
					"maxTemp": 32,
					"minRain": 0.1,
					"maxRain": 1,
					"minForestOrShrubs": 0.1,
					"maxForest": 1,
					"maxShrubs": 0.5,
					"minY": 0.9,
					"maxY": 1.1
				},
			},
    "*-rugops-nest-incubating": {
				"climate": {
					"minTemp": 19,
					"maxTemp": 36,
					"minRain": 0.3,
					"maxRain": 1,
					"minForestOrShrubs": 0.3,
					"maxForest": 1,
					"maxShrubs": 0.7,
					"minY": 0.9,
					"maxY": 1.1
				},
			},
    "*-aucasaurus-nest-incubating": {
				"climate": {
					"minTemp": 16,
					"maxTemp": 33,
					"minRain": 0.2,
					"maxRain": 1,
					"minForestOrShrubs": 0.2,
					"maxForest": 1,
					"maxShrubs": 0.6,
					"minY": 0.9,
					"maxY": 1.2
				},
			},
    "*-dahalokely-nest-incubating": {
				"climate": {
					"minTemp": 17,
					"maxTemp": 34,
					"minRain": 0.2,
					"maxRain": 1,
					"minForestOrShrubs": 0.2,
					"maxForest": 1,
					"maxShrubs": 0.6,
					"minY": 0.9,
					"maxY": 1.2
				},
			},
    "*-ilokelesia-nest-incubating": {
				"climate": {
					"minTemp": 15,
					"maxTemp": 32,
					"minRain": 0.1,
					"maxRain": 1,
					"minForestOrShrubs": 0.1,
					"maxForest": 1,
					"maxShrubs": 0.5,
					"minY": 0.9,
					"maxY": 1.1
				},
			},
    "*-viavenator-nest-incubating": {
				"climate": {
					"minTemp": 17,
					"maxTemp": 34,
					"minRain": 0.2,
					"maxRain": 1,
					"minForestOrShrubs": 0.2,
					"maxForest": 1,
					"maxShrubs": 0.6,
					"minY": 0.9,
					"maxY": 1.2
				},
			},
    "*-tarascosaurus-nest-incubating": {
				"climate": {
					"minTemp": 15,
					"maxTemp": 32,
					"minRain": 0.2,
					"maxRain": 1,
					"minForestOrShrubs": 0.3,
					"maxForest": 1,
					"maxShrubs": 0.5,
					"minY": 0.9,
					"maxY": 1.1
				},
			},
    "*-thanos-nest-incubating": {
				"climate": {
					"minTemp": 19,
					"maxTemp": 36,
					"minRain": 0.3,
					"maxRain": 1,
					"minForestOrShrubs": 0.5,
					"maxForest": 1,
					"maxShrubs": 0.7,
					"minY": 0.9,
					"maxY": 1.2
				},
			},
		}
	}
}
