﻿{
  "code": "creature",
  "class": "ItemCreature",
  "maxstacksize": 64,
  "variantgroups": [
    {
      "code": "type",
      "states": [ 
		"abelisauridae-pycnonemosaurus-adult-male","abelisauridae-pycnonemosaurus-adult-female", "abelisauridae-pycnonemosaurus-baby-male", "abelisauridae-pycnonemosaurus-baby-female","abelisauridae-pycnonemosaurus-nest-mature","abelisauridae-pycnonemosaurus-nest-incubating","abelisauridae-pycnonemosaurus-nest-empty",
		"abelisauridae-ekrixinatosaurus-adult-male","abelisauridae-ekrixinatosaurus-adult-female", "abelisauridae-ekrixinatosaurus-baby-male", "abelisauridae-ekrixinatosaurus-baby-female","abelisauridae-ekrixinatosaurus-nest-mature","abelisauridae-ekrixinatosaurus-nest-incubating","abelisauridae-ekrixinatosaurus-nest-empty",
		"abelisauridae-carnotaurus-adult-male","abelisauridae-carnotaurus-adult-female", "abelisauridae-carnotaurus-baby-male", "abelisauridae-carnotaurus-baby-female","abelisauridae-carnotaurus-nest-mature","abelisauridae-carnotaurus-nest-incubating","abelisauridae-carnotaurus-nest-empty",
		"abelisauridae-chenanisaurus-adult-male","abelisauridae-chenanisaurus-adult-female", "abelisauridae-chenanisaurus-baby-male", "abelisauridae-chenanisaurus-baby-female","abelisauridae-chenanisaurus-nest-mature","abelisauridae-chenanisaurus-nest-incubating","abelisauridae-chenanisaurus-nest-empty",
		"abelisauridae-rajasaurus-adult-male","abelisauridae-rajasaurus-adult-female", "abelisauridae-rajasaurus-baby-male", "abelisauridae-rajasaurus-baby-female","abelisauridae-rajasaurus-nest-mature","abelisauridae-rajasaurus-nest-incubating","abelisauridae-rajasaurus-nest-empty",
		"abelisauridae-abelisaurus-adult-male","abelisauridae-abelisaurus-adult-female", "abelisauridae-abelisaurus-baby-male", "abelisauridae-abelisaurus-baby-female","abelisauridae-abelisaurus-nest-mature","abelisauridae-abelisaurus-nest-incubating","abelisauridae-abelisaurus-nest-empty",
		"abelisauridae-majungasaurus-adult-male","abelisauridae-majungasaurus-adult-female", "abelisauridae-majungasaurus-baby-male", "abelisauridae-majungasaurus-baby-female","abelisauridae-majungasaurus-nest-mature","abelisauridae-majungasaurus-nest-incubating","abelisauridae-majungasaurus-nest-empty",
		"abelisauridae-skorpiovenator-adult-male","abelisauridae-skorpiovenator-adult-female", "abelisauridae-skorpiovenator-baby-male", "abelisauridae-skorpiovenator-baby-female","abelisauridae-skorpiovenator-nest-mature","abelisauridae-skorpiovenator-nest-incubating","abelisauridae-skorpiovenator-nest-empty",
		"abelisauridae-xenotarsosaurus-adult-male","abelisauridae-xenotarsosaurus-adult-female", "abelisauridae-xenotarsosaurus-baby-male", "abelisauridae-xenotarsosaurus-baby-female","abelisauridae-xenotarsosaurus-nest-mature","abelisauridae-xenotarsosaurus-nest-incubating","abelisauridae-xenotarsosaurus-nest-empty",
		"abelisauridae-rahiolisaurus-adult-male","abelisauridae-rahiolisaurus-adult-female", "abelisauridae-rahiolisaurus-baby-male", "abelisauridae-rahiolisaurus-baby-female","abelisauridae-rahiolisaurus-nest-mature","abelisauridae-rahiolisaurus-nest-incubating","abelisauridae-rahiolisaurus-nest-empty",
		"abelisauridae-arcovenator-adult-male","abelisauridae-arcovenator-adult-female", "abelisauridae-arcovenator-baby-male", "abelisauridae-arcovenator-baby-female","abelisauridae-arcovenator-nest-mature","abelisauridae-arcovenator-nest-incubating","abelisauridae-arcovenator-nest-empty",
		"abelisauridae-rugops-adult-male","abelisauridae-rugops-adult-female", "abelisauridae-rugops-baby-male", "abelisauridae-rugops-baby-female","abelisauridae-rugops-nest-mature","abelisauridae-rugops-nest-incubating","abelisauridae-rugops-nest-empty",
		"abelisauridae-aucasaurus-adult-male","abelisauridae-aucasaurus-adult-female", "abelisauridae-aucasaurus-baby-male", "abelisauridae-aucasaurus-baby-female","abelisauridae-aucasaurus-nest-mature","abelisauridae-aucasaurus-nest-incubating","abelisauridae-aucasaurus-nest-empty",
		"abelisauridae-dahalokely-adult-male","abelisauridae-dahalokely-adult-female", "abelisauridae-dahalokely-baby-male", "abelisauridae-dahalokely-baby-female","abelisauridae-dahalokely-nest-mature","abelisauridae-dahalokely-nest-incubating","abelisauridae-dahalokely-nest-empty",
		"abelisauridae-ilokelesia-adult-male","abelisauridae-ilokelesia-adult-female", "abelisauridae-ilokelesia-baby-male", "abelisauridae-ilokelesia-baby-female","abelisauridae-ilokelesia-nest-mature","abelisauridae-ilokelesia-nest-incubating","abelisauridae-ilokelesia-nest-empty",
		"abelisauridae-viavenator-adult-male","abelisauridae-viavenator-adult-female", "abelisauridae-viavenator-baby-male", "abelisauridae-viavenator-baby-female","abelisauridae-viavenator-nest-mature","abelisauridae-viavenator-nest-incubating","abelisauridae-viavenator-nest-empty",
		"abelisauridae-tarascosaurus-adult-male","abelisauridae-tarascosaurus-adult-female", "abelisauridae-tarascosaurus-baby-male", "abelisauridae-tarascosaurus-baby-female","abelisauridae-tarascosaurus-nest-mature","abelisauridae-tarascosaurus-nest-incubating","abelisauridae-tarascosaurus-nest-empty",
		"abelisauridae-thanos-adult-male","abelisauridae-thanos-adult-female", "abelisauridae-thanos-baby-male", "abelisauridae-thanos-baby-female","abelisauridae-thanos-nest-mature","abelisauridae-thanos-nest-incubating","abelisauridae-thanos-nest-empty",


	  ]
    }
  ],
  "shapeByType": {
		"*-pycnonemosaurus-adult-*": {"base": "entity/land/abelisauridae/pycnonemosaurus/adult"}, "*-pycnonemosaurus-baby-*": {"base": "entity/land/abelisauridae/pycnonemosaurus/baby"},
		"*-ekrixinatosaurus-adult-*": {"base": "entity/land/abelisauridae/ekrixinatosaurus/adult"}, "*-ekrixinatosaurus-baby-*": {"base": "entity/land/abelisauridae/ekrixinatosaurus/baby"},
		"*-carnotaurus-adult-*": {"base": "entity/land/abelisauridae/carnotaurus/adult"}, "*-carnotaurus-baby-*": {"base": "entity/land/abelisauridae/carnotaurus/baby"},
		"*-chenanisaurus-adult-*": {"base": "entity/land/abelisauridae/chenanisaurus/adult"}, "*-chenanisaurus-baby-*": {"base": "entity/land/abelisauridae/chenanisaurus/baby"},
		"*-rajasaurus-adult-*": {"base": "entity/land/abelisauridae/rajasaurus/adult"}, "*-rajasaurus-baby-*": {"base": "entity/land/abelisauridae/rajasaurus/baby"},
		"*-abelisaurus-adult-*": {"base": "entity/land/abelisauridae/abelisaurus/adult"}, "*-abelisaurus-baby-*": {"base": "entity/land/abelisauridae/abelisaurus/baby"},
		"*-majungasaurus-adult-*": {"base": "entity/land/abelisauridae/majungasaurus/adult"}, "*-majungasaurus-baby-*": {"base": "entity/land/abelisauridae/majungasaurus/baby"},
		"*-skorpiovenator-adult-*": {"base": "entity/land/abelisauridae/skorpiovenator/adult"}, "*-skorpiovenator-baby-*": {"base": "entity/land/abelisauridae/skorpiovenator/baby"},
		"*-xenotarsosaurus-adult-*": {"base": "entity/land/abelisauridae/xenotarsosaurus/adult"}, "*-xenotarsosaurus-baby-*": {"base": "entity/land/abelisauridae/xenotarsosaurus/baby"},
		"*-rahiolisaurus-adult-*": {"base": "entity/land/abelisauridae/rahiolisaurus/adult"}, "*-rahiolisaurus-baby-*": {"base": "entity/land/abelisauridae/rahiolisaurus/baby"},
		"*-arcovenator-adult-*": {"base": "entity/land/abelisauridae/arcovenator/adult"}, "*-arcovenator-baby-*": {"base": "entity/land/abelisauridae/arcovenator/baby"},
		"*-rugops-adult-*": {"base": "entity/land/abelisauridae/rugops/adult"}, "*-rugops-baby-*": {"base": "entity/land/abelisauridae/rugops/baby"},
		"*-aucasaurus-adult-*": {"base": "entity/land/abelisauridae/aucasaurus/adult"}, "*-aucasaurus-baby-*": {"base": "entity/land/abelisauridae/aucasaurus/baby"},
		"*-dahalokely-adult-*": {"base": "entity/land/abelisauridae/dahalokely/adult"}, "*-dahalokely-baby-*": {"base": "entity/land/abelisauridae/dahalokely/baby"},
		"*-ilokelesia-adult-*": {"base": "entity/land/abelisauridae/ilokelesia/adult"}, "*-ilokelesia-baby-*": {"base": "entity/land/abelisauridae/ilokelesia/baby"},
		"*-viavenator-adult-*": {"base": "entity/land/abelisauridae/viavenator/adult"}, "*-viavenator-baby-*": {"base": "entity/land/abelisauridae/viavenator/baby"},
		"*-tarascosaurus-adult-*": {"base": "entity/land/abelisauridae/tarascosaurus/adult"}, "*-tarascosaurus-baby-*": {"base": "entity/land/abelisauridae/tarascosaurus/baby"},
		"*-thanos-adult-*": {"base": "entity/land/abelisauridae/thanos/adult"}, "*-thanos-baby-*": {"base": "entity/land/abelisauridae/thanos/baby"},
		"*-nest-*":{"base": "entity/land/nest"},"*-nest-empty":{"base": "entity/land/nest-empty"},
  },
  "textureByType": {
		"*-pycnonemosaurus-adult-*":{"base": "entity/pycnonemosaurus-adult"},"*-pycnonemosaurus-baby-*":{"base": "entity/pycnonemosaurus-adult"},
		"*-ekrixinatosaurus-adult-*":{"base": "entity/ekrixinatosaurus-adult"},"*-ekrixinatosaurus-baby-*":{"base": "entity/ekrixinatosaurus-adult"},
		"*-carnotaurus-adult-*":{"base": "entity/carnotaurus-adult"},"*-carnotaurus-baby-*":{"base": "entity/carnotaurus-adult"},
		"*-chenanisaurus-adult-*":{"base": "entity/chenanisaurus-adult"},"*-chenanisaurus-baby-*":{"base": "entity/chenanisaurus-adult"},
		"*-rajasaurus-adult-*":{"base": "entity/rajasaurus-adult"},"*-rajasaurus-baby-*":{"base": "entity/rajasaurus-adult"},
		"*-abelisaurus-adult-*":{"base": "entity/abelisaurus-adult"},"*-abelisaurus-baby-*":{"base": "entity/abelisaurus-adult"},
		"*-majungasaurus-adult-*":{"base": "entity/majungasaurus-adult"},"*-majungasaurus-baby-*":{"base": "entity/majungasaurus-adult"},
		"*-skorpiovenator-adult-*":{"base": "entity/skorpiovenator-adult"},"*-skorpiovenator-baby-*":{"base": "entity/skorpiovenator-adult"},
		"*-xenotarsosaurus-adult-*":{"base": "entity/xenotarsosaurus-adult"},"*-xenotarsosaurus-baby-*":{"base": "entity/xenotarsosaurus-adult"},
		"*-rahiolisaurus-adult-*":{"base": "entity/rahiolisaurus-adult"},"*-rahiolisaurus-baby-*":{"base": "entity/rahiolisaurus-adult"},
		"*-arcovenator-adult-*":{"base": "entity/arcovenator-adult"},"*-arcovenator-baby-*":{"base": "entity/arcovenator-adult"},
		"*-rugops-adult-*":{"base": "entity/rugops-adult"},"*-rugops-baby-*":{"base": "entity/rugops-adult"},
		"*-aucasaurus-adult-*":{"base": "entity/aucasaurus-adult"},"*-aucasaurus-baby-*":{"base": "entity/aucasaurus-adult"},
		"*-dahalokely-adult-*":{"base": "entity/dahalokely-adult"},"*-dahalokely-baby-*":{"base": "entity/dahalokely-adult"},
		"*-ilokelesia-adult-*":{"base": "entity/ilokelesia-adult"},"*-ilokelesia-baby-*":{"base": "entity/ilokelesia-adult"},
		"*-viavenator-adult-*":{"base": "entity/viavenator-adult"},"*-viavenator-baby-*":{"base": "entity/viavenator-adult"},
		"*-tarascosaurus-adult-*":{"base": "entity/tarascosaurus-adult"},"*-tarascosaurus-baby-*":{"base": "entity/tarascosaurus-adult"},
		"*-thanos-adult-*":{"base": "entity/thanos-adult"},"*-thanos-baby-*":{"base": "entity/thanos-adult"},
        },
  "creativeinventory": { "general": ["*"], "items": ["*"], "creatures": ["*"] },
	"materialDensity": 600,
	"guiTransformByType": {
		"*-baby-*": {
			"rotate": true,
			"translation": { "x": -20, "y": -15, "z": 0 },
			"rotation": { "x": -11, "y": -52, "z": -180 },
			"origin": { "x": 1.5, "y": 1.5, "z": 1.5 },
			"scale": 0.7
		},
		"creature-abelisauridae-*": {
			"rotate": true,
			"translation": { "x": -16, "y": 0, "z": -5 },
			"rotation": { "x": -11, "y": -52, "z": -180 },
			"origin": { "x": 1.5, "y": 1.5, "z": 1.5 },
			"scale": 0.3
		},
	},

	"tpHandTransformByType": {
		"*-baby-*": {
			"translation": { "x": -0.51, "y": -0.2, "z": -0.7 },
			"rotation": { "x": 53, "y": -165, "z": 77 },
			"origin": { "x": 0, "y": 0, "z": 0 },
			"scale": 0.25
		},
		"creature-abelisauridae-*": {
			"translation": { "x": -2.5, "y": -4.6, "z": -2.4 },
			"rotation": { "x": 2, "y": -180, "z": 23 },
			"scale": 0.15
		},
	},

	"fpHandTransformByType": {
		"creature-abelisauridae-*": {
			"translation": { "x": 0.2, "y": 0, "z": 0 },
			"rotation": { "x": -8, "y": -63, "z": -7 }
		}
	}
}

